2023-01-06,Electronic Funds Transfer DEPOSIT EMPLOYER SALARY,,4891.87
2023-01-20,Electronic Funds Transfer DEPOSIT EMPLOYER SALARY,,4550.43
2023-02-03,Electronic Funds Transfer DEPOSIT EMPLOYER SALARY,,4583.57
2023-02-17,Electronic Funds Transfer DEPOSIT EMPLOYER SALARY,,4997.63
2023-03-03,Electronic Funds Transfer DEPOSIT EMPLOYER SALARY,,4911.39
2023-03-16,Electronic Funds Transfer DEPOSIT EMPLOYER SALARY,,4600.41
2023-03-30,Electronic Funds Transfer DEPOSIT EMPLOYER SALARY,,4580.29
2023-04-13,Electronic Funds Transfer DEPOSIT EMPLOYER SALARY,,5130.86
2023-04-27,Electronic Funds Transfer DEPOSIT EMPLOYER SALARY,,4845.48
2023-05-11,Electronic Funds Transfer DEPOSIT EMPLOYER SALARY,,5089.46
2023-05-25,Electronic Funds Transfer DEPOSIT EMPLOYER SALARY,,4928.57
2023-06-08,Electronic Funds Transfer DEPOSIT EMPLOYER SALARY,,5052.07
2023-06-22,Electronic Funds Transfer DEPOSIT EMPLOYER SALARY,,5049.35
2023-07-06,Electronic Funds Transfer DEPOSIT EMPLOYER SALARY,,5143.32
2023-07-20,Electronic Funds Transfer DEPOSIT EMPLOYER SALARY,,4824.22
2023-08-03,Electronic Funds Transfer DEPOSIT EMPLOYER SALARY,,5017.22
2023-08-17,Electronic Funds Transfer DEPOSIT EMPLOYER SALARY,,4820.01
2023-08-31,Electronic Funds Transfer DEPOSIT EMPLOYER SALARY,,4826.62
2023-09-14,Electronic Funds Transfer DEPOSIT EMPLOYER SALARY,,5040.02
2023-09-28,Electronic Funds Transfer DEPOSIT EMPLOYER SALARY,,4736.48
2023-10-12,Electronic Funds Transfer DEPOSIT EMPLOYER SALARY,,4602.01
2023-10-26,Electronic Funds Transfer DEPOSIT EMPLOYER SALARY,,5009.14
2023-11-10,Electronic Funds Transfer DEPOSIT EMPLOYER SALARY,,5067.52
2023-11-24,Electronic Funds Transfer DEPOSIT EMPLOYER SALARY,,4510.82
2023-12-08,Electronic Funds Transfer DEPOSIT EMPLOYER SALARY,,4790.12
2023-12-22,Electronic Funds Transfer DEPOSIT EMPLOYER SALARY,,5075.48
2024-01-05,Electronic Funds Transfer DEPOSIT EMPLOYER SALARY,,5027.67
2024-01-19,Electronic Funds Transfer DEPOSIT EMPLOYER SALARY,,5044.46
2024-02-02,Electronic Funds Transfer DEPOSIT EMPLOYER SALARY,,4660.05
2024-02-16,Electronic Funds Transfer DEPOSIT EMPLOYER SALARY,,4778.40
2024-03-01,Electronic Funds Transfer DEPOSIT EMPLOYER SALARY,,4809.71
2024-03-14,Electronic Funds Transfer DEPOSIT EMPLOYER SALARY,,4893.95
2024-03-28,Electronic Funds Transfer DEPOSIT EMPLOYER SALARY,,4660.17
2024-04-11,Electronic Funds Transfer DEPOSIT EMPLOYER SALARY,,5186.87
2024-04-25,Electronic Funds Transfer DEPOSIT EMPLOYER SALARY,,4740.03
2024-05-09,Electronic Funds Transfer DEPOSIT EMPLOYER SALARY,,4971.72
2024-05-23,Electronic Funds Transfer DEPOSIT EMPLOYER SALARY,,4559.70
2024-06-06,Electronic Funds Transfer DEPOSIT EMPLOYER SALARY,,4572.98
2024-06-20,Electronic Funds Transfer DEPOSIT EMPLOYER SALARY,,5181.28
2024-07-04,Electronic Funds Transfer DEPOSIT EMPLOYER SALARY,,5096.38
2024-07-18,Electronic Funds Transfer DEPOSIT EMPLOYER SALARY,,4571.63
2024-08-01,Electronic Funds Transfer DEPOSIT EMPLOYER SALARY,,4597.86
2024-08-15,Electronic Funds Transfer DEPOSIT EMPLOYER SALARY,,4569.15
2024-08-29,Electronic Funds Transfer DEPOSIT EMPLOYER SALARY,,5059.95
2024-09-12,Electronic Funds Transfer DEPOSIT EMPLOYER SALARY,,4550.80
2024-09-26,Electronic Funds Transfer DEPOSIT EMPLOYER SALARY,,5126.55
2024-10-10,Electronic Funds Transfer DEPOSIT EMPLOYER SALARY,,5179.35
2024-10-24,Electronic Funds Transfer DEPOSIT EMPLOYER SALARY,,4598.35
2024-11-08,Electronic Funds Transfer DEPOSIT EMPLOYER SALARY,,5028.02
2024-11-22,Electronic Funds Transfer DEPOSIT EMPLOYER SALARY,,5179.90
2024-12-06,Electronic Funds Transfer DEPOSIT EMPLOYER SALARY,,5007.81
2024-12-20,Electronic Funds Transfer DEPOSIT EMPLOYER SALARY,,4659.49
2025-01-03,Electronic Funds Transfer DEPOSIT EMPLOYER SALARY,,4932.47
2025-01-17,Electronic Funds Transfer DEPOSIT EMPLOYER SALARY,,4932.05
2025-01-31,Electronic Funds Transfer DEPOSIT EMPLOYER SALARY,,4860.56
2025-02-14,Electronic Funds Transfer DEPOSIT EMPLOYER SALARY,,4873.50
2025-02-28,Electronic Funds Transfer DEPOSIT EMPLOYER SALARY,,5102.94
2025-03-13,Electronic Funds Transfer DEPOSIT EMPLOYER SALARY,,4610.50
2025-03-27,Electronic Funds Transfer DEPOSIT EMPLOYER SALARY,,5044.82
2025-04-10,Electronic Funds Transfer DEPOSIT EMPLOYER SALARY,,4571.32
2025-04-24,Electronic Funds Transfer DEPOSIT EMPLOYER SALARY,,4988.98
2025-05-08,Electronic Funds Transfer DEPOSIT EMPLOYER SALARY,,5108.59
2025-05-22,Electronic Funds Transfer DEPOSIT EMPLOYER SALARY,,5013.53
2025-06-05,Electronic Funds Transfer DEPOSIT EMPLOYER SALARY,,4750.37
2025-06-19,Electronic Funds Transfer DEPOSIT EMPLOYER SALARY,,5006.86
2025-07-03,Electronic Funds Transfer DEPOSIT EMPLOYER SALARY,,4623.96
2025-07-17,Electronic Funds Transfer DEPOSIT EMPLOYER SALARY,,5187.94
2025-07-31,Electronic Funds Transfer DEPOSIT EMPLOYER SALARY,,4939.64
2025-08-14,Electronic Funds Transfer DEPOSIT EMPLOYER SALARY,,4721.31
2025-08-28,Electronic Funds Transfer DEPOSIT EMPLOYER SALARY,,4700.99
2025-09-11,Electronic Funds Transfer DEPOSIT EMPLOYER SALARY,,5114.48
2025-09-25,Electronic Funds Transfer DEPOSIT EMPLOYER SALARY,,5004.27
2025-10-09,Electronic Funds Transfer DEPOSIT EMPLOYER SALARY,,4642.37
2025-10-23,Electronic Funds Transfer DEPOSIT EMPLOYER SALARY,,5188.65
2025-11-07,Electronic Funds Transfer DEPOSIT EMPLOYER SALARY,,4770.19
2023-01-13,Electronic Funds Transfer DEPOSIT EMPLOYER SALARY,,4149.61
2023-01-27,Electronic Funds Transfer DEPOSIT EMPLOYER SALARY,,4057.53
2023-02-10,Electronic Funds Transfer DEPOSIT EMPLOYER SALARY,,4212.00
2023-02-24,Electronic Funds Transfer DEPOSIT EMPLOYER SALARY,,4026.90
2023-03-10,Electronic Funds Transfer DEPOSIT EMPLOYER SALARY,,4081.20
2023-03-23,Electronic Funds Transfer DEPOSIT EMPLOYER SALARY,,4218.07
2023-04-06,Electronic Funds Transfer DEPOSIT EMPLOYER SALARY,,4267.61
2023-04-20,Electronic Funds Transfer DEPOSIT EMPLOYER SALARY,,4308.30
2023-05-04,Electronic Funds Transfer DEPOSIT EMPLOYER SALARY,,3895.97
2023-05-18,Electronic Funds Transfer DEPOSIT EMPLOYER SALARY,,4184.53
2023-06-01,Electronic Funds Transfer DEPOSIT EMPLOYER SALARY,,3942.03
2023-06-15,Electronic Funds Transfer DEPOSIT EMPLOYER SALARY,,3936.72
2023-06-29,Electronic Funds Transfer DEPOSIT EMPLOYER SALARY,,3901.73
2023-07-13,Electronic Funds Transfer DEPOSIT EMPLOYER SALARY,,4497.73
2023-07-27,Electronic Funds Transfer DEPOSIT EMPLOYER SALARY,,4329.45
2023-08-10,Electronic Funds Transfer DEPOSIT EMPLOYER SALARY,,4005.51
2023-08-24,Electronic Funds Transfer DEPOSIT EMPLOYER SALARY,,4105.27
2023-09-07,Electronic Funds Transfer DEPOSIT EMPLOYER SALARY,,3813.30
2023-09-21,Electronic Funds Transfer DEPOSIT EMPLOYER SALARY,,4269.72
2023-10-05,Electronic Funds Transfer DEPOSIT EMPLOYER SALARY,,4202.48
2023-10-19,Electronic Funds Transfer DEPOSIT EMPLOYER SALARY,,4128.67
2023-11-02,Electronic Funds Transfer DEPOSIT EMPLOYER SALARY,,4349.72
2023-11-17,Electronic Funds Transfer DEPOSIT EMPLOYER SALARY,,4286.74
2023-12-01,Electronic Funds Transfer DEPOSIT EMPLOYER SALARY,,4121.69
2023-12-15,Electronic Funds Transfer DEPOSIT EMPLOYER SALARY,,4294.23
2023-12-29,Electronic Funds Transfer DEPOSIT EMPLOYER SALARY,,3842.03
2024-01-12,Electronic Funds Transfer DEPOSIT EMPLOYER SALARY,,4303.20
2024-01-26,Electronic Funds Transfer DEPOSIT EMPLOYER SALARY,,4294.22
2024-02-09,Electronic Funds Transfer DEPOSIT EMPLOYER SALARY,,4357.31
2024-02-23,Electronic Funds Transfer DEPOSIT EMPLOYER SALARY,,4165.46
2024-03-08,Electronic Funds Transfer DEPOSIT EMPLOYER SALARY,,3958.23
2024-03-21,Electronic Funds Transfer DEPOSIT EMPLOYER SALARY,,4257.32
2024-04-04,Electronic Funds Transfer DEPOSIT EMPLOYER SALARY,,4042.85
2024-04-18,Electronic Funds Transfer DEPOSIT EMPLOYER SALARY,,4436.34
2024-05-02,Electronic Funds Transfer DEPOSIT EMPLOYER SALARY,,4167.07
2024-05-16,Electronic Funds Transfer DEPOSIT EMPLOYER SALARY,,4493.50
2024-05-30,Electronic Funds Transfer DEPOSIT EMPLOYER SALARY,,4381.36
2024-06-13,Electronic Funds Transfer DEPOSIT EMPLOYER SALARY,,4201.67
2024-06-27,Electronic Funds Transfer DEPOSIT EMPLOYER SALARY,,4313.39
2024-07-11,Electronic Funds Transfer DEPOSIT EMPLOYER SALARY,,4416.88
2024-07-25,Electronic Funds Transfer DEPOSIT EMPLOYER SALARY,,3827.55
2024-08-08,Electronic Funds Transfer DEPOSIT EMPLOYER SALARY,,4328.30
2024-08-22,Electronic Funds Transfer DEPOSIT EMPLOYER SALARY,,3840.32
2024-09-05,Electronic Funds Transfer DEPOSIT EMPLOYER SALARY,,4243.76
2024-09-19,Electronic Funds Transfer DEPOSIT EMPLOYER SALARY,,4115.37
2024-10-03,Electronic Funds Transfer DEPOSIT EMPLOYER SALARY,,4122.10
2024-10-17,Electronic Funds Transfer DEPOSIT EMPLOYER SALARY,,4163.27
2024-10-31,Electronic Funds Transfer DEPOSIT EMPLOYER SALARY,,4377.66
2024-11-15,Electronic Funds Transfer DEPOSIT EMPLOYER SALARY,,3994.38
2024-11-29,Electronic Funds Transfer DEPOSIT EMPLOYER SALARY,,4020.68
2024-12-13,Electronic Funds Transfer DEPOSIT EMPLOYER SALARY,,3819.94
2024-12-27,Electronic Funds Transfer DEPOSIT EMPLOYER SALARY,,3960.97
2025-01-10,Electronic Funds Transfer DEPOSIT EMPLOYER SALARY,,4222.54
2025-01-24,Electronic Funds Transfer DEPOSIT EMPLOYER SALARY,,4283.10
2025-02-07,Electronic Funds Transfer DEPOSIT EMPLOYER SALARY,,3824.08
2025-02-21,Electronic Funds Transfer DEPOSIT EMPLOYER SALARY,,4349.20
2025-03-07,Electronic Funds Transfer DEPOSIT EMPLOYER SALARY,,4283.20
2025-03-20,Electronic Funds Transfer DEPOSIT EMPLOYER SALARY,,3851.43
2025-04-03,Electronic Funds Transfer DEPOSIT EMPLOYER SALARY,,4406.74
2025-04-17,Electronic Funds Transfer DEPOSIT EMPLOYER SALARY,,3850.10
2025-05-01,Electronic Funds Transfer DEPOSIT EMPLOYER SALARY,,4374.33
2025-05-15,Electronic Funds Transfer DEPOSIT EMPLOYER SALARY,,4068.49
2025-05-29,Electronic Funds Transfer DEPOSIT EMPLOYER SALARY,,4103.86
2025-06-12,Electronic Funds Transfer DEPOSIT EMPLOYER SALARY,,4144.96
2025-06-26,Electronic Funds Transfer DEPOSIT EMPLOYER SALARY,,4428.26
2025-07-10,Electronic Funds Transfer DEPOSIT EMPLOYER SALARY,,4368.43
2025-07-24,Electronic Funds Transfer DEPOSIT EMPLOYER SALARY,,4296.81
2025-08-07,Electronic Funds Transfer DEPOSIT EMPLOYER SALARY,,4343.79
2025-08-21,Electronic Funds Transfer DEPOSIT EMPLOYER SALARY,,3861.66
2025-09-04,Electronic Funds Transfer DEPOSIT EMPLOYER SALARY,,4109.66
2025-09-18,Electronic Funds Transfer DEPOSIT EMPLOYER SALARY,,4377.60
2025-10-02,Electronic Funds Transfer DEPOSIT EMPLOYER SALARY,,3818.82
2025-10-16,Electronic Funds Transfer DEPOSIT EMPLOYER SALARY,,3979.55
2025-10-30,Electronic Funds Transfer DEPOSIT EMPLOYER SALARY,,4102.81
2025-11-14,Electronic Funds Transfer DEPOSIT EMPLOYER SALARY,,3884.52
2023-01-01,Electronic Funds Transfer PREAUTHORIZED DEBIT MORTGAGE COMPANY,2527.55,
2023-02-01,Electronic Funds Transfer PREAUTHORIZED DEBIT MORTGAGE COMPANY,2538.58,
2023-03-04,Electronic Funds Transfer PREAUTHORIZED DEBIT MORTGAGE COMPANY,2436.81,
2023-04-03,Electronic Funds Transfer PREAUTHORIZED DEBIT MORTGAGE COMPANY,2508.42,
2023-05-03,Electronic Funds Transfer PREAUTHORIZED DEBIT MORTGAGE COMPANY,2447.57,
2023-06-03,Electronic Funds Transfer PREAUTHORIZED DEBIT MORTGAGE COMPANY,2587.96,
2023-07-03,Electronic Funds Transfer PREAUTHORIZED DEBIT MORTGAGE COMPANY,2576.66,
2023-08-03,Electronic Funds Transfer PREAUTHORIZED DEBIT MORTGAGE COMPANY,2585.69,
2023-09-03,Electronic Funds Transfer PREAUTHORIZED DEBIT MORTGAGE COMPANY,2474.54,
2023-10-03,Electronic Funds Transfer PREAUTHORIZED DEBIT MORTGAGE COMPANY,2405.02,
2023-11-03,Electronic Funds Transfer PREAUTHORIZED DEBIT MORTGAGE COMPANY,2537.74,
2023-12-04,Electronic Funds Transfer PREAUTHORIZED DEBIT MORTGAGE COMPANY,2576.63,
2024-01-04,Electronic Funds Transfer PREAUTHORIZED DEBIT MORTGAGE COMPANY,2563.25,
2024-02-04,Electronic Funds Transfer PREAUTHORIZED DEBIT MORTGAGE COMPANY,2554.89,
2024-03-04,Electronic Funds Transfer PREAUTHORIZED DEBIT MORTGAGE COMPANY,2559.08,
2024-04-03,Electronic Funds Transfer PREAUTHORIZED DEBIT MORTGAGE COMPANY,2512.29,
2024-05-03,Electronic Funds Transfer PREAUTHORIZED DEBIT MORTGAGE COMPANY,2571.95,
2024-06-03,Electronic Funds Transfer PREAUTHORIZED DEBIT MORTGAGE COMPANY,2449.63,
2024-07-03,Electronic Funds Transfer PREAUTHORIZED DEBIT MORTGAGE COMPANY,2413.90,
2024-08-03,Electronic Funds Transfer PREAUTHORIZED DEBIT MORTGAGE COMPANY,2487.96,
2024-09-03,Electronic Funds Transfer PREAUTHORIZED DEBIT MORTGAGE COMPANY,2575.64,
2024-10-03,Electronic Funds Transfer PREAUTHORIZED DEBIT MORTGAGE COMPANY,2581.29,
2024-11-04,Electronic Funds Transfer PREAUTHORIZED DEBIT MORTGAGE COMPANY,2453.71,
2024-12-04,Electronic Funds Transfer PREAUTHORIZED DEBIT MORTGAGE COMPANY,2552.67,
2025-01-04,Electronic Funds Transfer PREAUTHORIZED DEBIT MORTGAGE COMPANY,2528.09,
2025-02-04,Electronic Funds Transfer PREAUTHORIZED DEBIT MORTGAGE COMPANY,2558.05,
2025-03-04,Electronic Funds Transfer PREAUTHORIZED DEBIT MORTGAGE COMPANY,2443.01,
2025-04-03,Electronic Funds Transfer PREAUTHORIZED DEBIT MORTGAGE COMPANY,2532.20,
2025-05-03,Electronic Funds Transfer PREAUTHORIZED DEBIT MORTGAGE COMPANY,2547.24,
2025-06-03,Electronic Funds Transfer PREAUTHORIZED DEBIT MORTGAGE COMPANY,2458.77,
2025-07-03,Electronic Funds Transfer PREAUTHORIZED DEBIT MORTGAGE COMPANY,2500.81,
2025-08-03,Electronic Funds Transfer PREAUTHORIZED DEBIT MORTGAGE COMPANY,2401.08,
2025-09-03,Electronic Funds Transfer PREAUTHORIZED DEBIT MORTGAGE COMPANY,2420.28,
2025-10-03,Electronic Funds Transfer PREAUTHORIZED DEBIT MORTGAGE COMPANY,2536.05,
2025-11-04,Electronic Funds Transfer PREAUTHORIZED DEBIT MORTGAGE COMPANY,2508.31,
2023-01-15,Electronic Funds Transfer PREAUTHORIZED DEBIT AUTO FINANCE COMPANY,405.63,
2023-02-15,Electronic Funds Transfer PREAUTHORIZED DEBIT AUTO FINANCE COMPANY,382.50,
2023-03-14,Electronic Funds Transfer PREAUTHORIZED DEBIT AUTO FINANCE COMPANY,381.43,
2023-04-14,Electronic Funds Transfer PREAUTHORIZED DEBIT AUTO FINANCE COMPANY,410.98,
2023-05-14,Electronic Funds Transfer PREAUTHORIZED DEBIT AUTO FINANCE COMPANY,394.02,
2023-06-14,Electronic Funds Transfer PREAUTHORIZED DEBIT AUTO FINANCE COMPANY,386.69,
2023-07-14,Electronic Funds Transfer PREAUTHORIZED DEBIT AUTO FINANCE COMPANY,405.46,
2023-08-14,Electronic Funds Transfer PREAUTHORIZED DEBIT AUTO FINANCE COMPANY,390.52,
2023-09-14,Electronic Funds Transfer PREAUTHORIZED DEBIT AUTO FINANCE COMPANY,400.12,
2023-10-14,Electronic Funds Transfer PREAUTHORIZED DEBIT AUTO FINANCE COMPANY,405.85,
2023-11-15,Electronic Funds Transfer PREAUTHORIZED DEBIT AUTO FINANCE COMPANY,415.79,
2023-12-15,Electronic Funds Transfer PREAUTHORIZED DEBIT AUTO FINANCE COMPANY,382.04,
2024-01-15,Electronic Funds Transfer PREAUTHORIZED DEBIT AUTO FINANCE COMPANY,393.22,
2024-02-15,Electronic Funds Transfer PREAUTHORIZED DEBIT AUTO FINANCE COMPANY,412.10,
2024-03-14,Electronic Funds Transfer PREAUTHORIZED DEBIT AUTO FINANCE COMPANY,407.13,
2024-04-14,Electronic Funds Transfer PREAUTHORIZED DEBIT AUTO FINANCE COMPANY,399.81,
2024-05-14,Electronic Funds Transfer PREAUTHORIZED DEBIT AUTO FINANCE COMPANY,411.80,
2024-06-14,Electronic Funds Transfer PREAUTHORIZED DEBIT AUTO FINANCE COMPANY,419.47,
2024-07-14,Electronic Funds Transfer PREAUTHORIZED DEBIT AUTO FINANCE COMPANY,383.53,
2024-08-14,Electronic Funds Transfer PREAUTHORIZED DEBIT AUTO FINANCE COMPANY,407.65,
2024-09-14,Electronic Funds Transfer PREAUTHORIZED DEBIT AUTO FINANCE COMPANY,414.42,
2024-10-14,Electronic Funds Transfer PREAUTHORIZED DEBIT AUTO FINANCE COMPANY,417.91,
2024-11-15,Electronic Funds Transfer PREAUTHORIZED DEBIT AUTO FINANCE COMPANY,414.51,
2024-12-15,Electronic Funds Transfer PREAUTHORIZED DEBIT AUTO FINANCE COMPANY,390.15,
2025-01-15,Electronic Funds Transfer PREAUTHORIZED DEBIT AUTO FINANCE COMPANY,404.33,
2025-02-15,Electronic Funds Transfer PREAUTHORIZED DEBIT AUTO FINANCE COMPANY,388.28,
2025-03-14,Electronic Funds Transfer PREAUTHORIZED DEBIT AUTO FINANCE COMPANY,399.37,
2025-04-14,Electronic Funds Transfer PREAUTHORIZED DEBIT AUTO FINANCE COMPANY,382.94,
2025-05-14,Electronic Funds Transfer PREAUTHORIZED DEBIT AUTO FINANCE COMPANY,415.70,
2025-06-14,Electronic Funds Transfer PREAUTHORIZED DEBIT AUTO FINANCE COMPANY,419.97,
2025-07-14,Electronic Funds Transfer PREAUTHORIZED DEBIT AUTO FINANCE COMPANY,390.93,
2025-08-14,Electronic Funds Transfer PREAUTHORIZED DEBIT AUTO FINANCE COMPANY,386.32,
2025-09-14,Electronic Funds Transfer PREAUTHORIZED DEBIT AUTO FINANCE COMPANY,394.98,
2025-10-14,Electronic Funds Transfer PREAUTHORIZED DEBIT AUTO FINANCE COMPANY,399.09,
2025-11-15,Electronic Funds Transfer PREAUTHORIZED DEBIT AUTO FINANCE COMPANY,412.54,
2023-01-20,Electronic Funds Transfer PREAUTHORIZED DEBIT AUTO LOAN COMPANY,325.07,
2023-02-20,Electronic Funds Transfer PREAUTHORIZED DEBIT AUTO LOAN COMPANY,354.10,
2023-03-19,Electronic Funds Transfer PREAUTHORIZED DEBIT AUTO LOAN COMPANY,335.78,
2023-04-19,Electronic Funds Transfer PREAUTHORIZED DEBIT AUTO LOAN COMPANY,326.07,
2023-05-19,Electronic Funds Transfer PREAUTHORIZED DEBIT AUTO LOAN COMPANY,327.04,
2023-06-19,Electronic Funds Transfer PREAUTHORIZED DEBIT AUTO LOAN COMPANY,353.28,
2023-07-19,Electronic Funds Transfer PREAUTHORIZED DEBIT AUTO LOAN COMPANY,323.54,
2023-08-19,Electronic Funds Transfer PREAUTHORIZED DEBIT AUTO LOAN COMPANY,338.50,
2023-09-19,Electronic Funds Transfer PREAUTHORIZED DEBIT AUTO LOAN COMPANY,327.05,
2023-10-19,Electronic Funds Transfer PREAUTHORIZED DEBIT AUTO LOAN COMPANY,340.35,
2023-11-20,Electronic Funds Transfer PREAUTHORIZED DEBIT AUTO LOAN COMPANY,350.06,
2023-12-20,Electronic Funds Transfer PREAUTHORIZED DEBIT AUTO LOAN COMPANY,346.40,
2024-01-20,Electronic Funds Transfer PREAUTHORIZED DEBIT AUTO LOAN COMPANY,350.05,
2024-02-20,Electronic Funds Transfer PREAUTHORIZED DEBIT AUTO LOAN COMPANY,336.52,
2024-03-19,Electronic Funds Transfer PREAUTHORIZED DEBIT AUTO LOAN COMPANY,333.97,
2024-04-19,Electronic Funds Transfer PREAUTHORIZED DEBIT AUTO LOAN COMPANY,345.79,
2024-05-19,Electronic Funds Transfer PREAUTHORIZED DEBIT AUTO LOAN COMPANY,335.23,
2024-06-19,Electronic Funds Transfer PREAUTHORIZED DEBIT AUTO LOAN COMPANY,328.55,
2024-07-19,Electronic Funds Transfer PREAUTHORIZED DEBIT AUTO LOAN COMPANY,326.07,
2024-08-19,Electronic Funds Transfer PREAUTHORIZED DEBIT AUTO LOAN COMPANY,344.01,
2024-09-19,Electronic Funds Transfer PREAUTHORIZED DEBIT AUTO LOAN COMPANY,358.44,
2024-10-19,Electronic Funds Transfer PREAUTHORIZED DEBIT AUTO LOAN COMPANY,334.12,
2024-11-20,Electronic Funds Transfer PREAUTHORIZED DEBIT AUTO LOAN COMPANY,343.69,
2024-12-20,Electronic Funds Transfer PREAUTHORIZED DEBIT AUTO LOAN COMPANY,359.07,
2025-01-20,Electronic Funds Transfer PREAUTHORIZED DEBIT AUTO LOAN COMPANY,355.70,
2025-02-20,Electronic Funds Transfer PREAUTHORIZED DEBIT AUTO LOAN COMPANY,330.99,
2025-03-19,Electronic Funds Transfer PREAUTHORIZED DEBIT AUTO LOAN COMPANY,346.13,
2025-04-19,Electronic Funds Transfer PREAUTHORIZED DEBIT AUTO LOAN COMPANY,333.13,
2025-05-19,Electronic Funds Transfer PREAUTHORIZED DEBIT AUTO LOAN COMPANY,330.97,
2025-06-19,Electronic Funds Transfer PREAUTHORIZED DEBIT AUTO LOAN COMPANY,337.59,
2025-07-19,Electronic Funds Transfer PREAUTHORIZED DEBIT AUTO LOAN COMPANY,353.86,
2025-08-19,Electronic Funds Transfer PREAUTHORIZED DEBIT AUTO LOAN COMPANY,334.87,
2025-09-19,Electronic Funds Transfer PREAUTHORIZED DEBIT AUTO LOAN COMPANY,357.67,
2025-10-19,Electronic Funds Transfer PREAUTHORIZED DEBIT AUTO LOAN COMPANY,351.53,
2025-11-20,Electronic Funds Transfer PREAUTHORIZED DEBIT AUTO LOAN COMPANY,339.38,
2023-02-01,Electronic Funds Transfer PREAUTHORIZED DEBIT AUTO INSURANCE,1209.52,
2023-04-03,Electronic Funds Transfer PREAUTHORIZED DEBIT AUTO INSURANCE,1268.26,
2023-07-03,Electronic Funds Transfer PREAUTHORIZED DEBIT AUTO INSURANCE,1386.82,
2023-10-03,Electronic Funds Transfer PREAUTHORIZED DEBIT AUTO INSURANCE,1267.37,
2024-01-04,Electronic Funds Transfer PREAUTHORIZED DEBIT AUTO INSURANCE,1207.98,
2024-04-03,Electronic Funds Transfer PREAUTHORIZED DEBIT AUTO INSURANCE,1296.16,
2024-07-03,Electronic Funds Transfer PREAUTHORIZED DEBIT AUTO INSURANCE,1227.49,
2024-10-03,Electronic Funds Transfer PREAUTHORIZED DEBIT AUTO INSURANCE,1358.41,
2025-01-04,Electronic Funds Transfer PREAUTHORIZED DEBIT AUTO INSURANCE,1209.20,
2025-04-03,Electronic Funds Transfer PREAUTHORIZED DEBIT AUTO INSURANCE,1287.28,
2025-07-03,Electronic Funds Transfer PREAUTHORIZED DEBIT AUTO INSURANCE,1249.12,
2025-10-03,Electronic Funds Transfer PREAUTHORIZED DEBIT AUTO INSURANCE,1227.34,
2023-01-01,Electronic Funds Transfer PREAUTHORIZED DEBIT ABC CHILDREN'S CENTRE,1341.40,
2023-02-01,Electronic Funds Transfer PREAUTHORIZED DEBIT ABC CHILDREN'S CENTRE,1485.77,
2023-03-04,Electronic Funds Transfer PREAUTHORIZED DEBIT ABC CHILDREN'S CENTRE,1334.13,
2023-04-03,Electronic Funds Transfer PREAUTHORIZED DEBIT ABC CHILDREN'S CENTRE,1356.91,
2023-05-03,Electronic Funds Transfer PREAUTHORIZED DEBIT ABC CHILDREN'S CENTRE,1303.31,
2023-06-03,Electronic Funds Transfer PREAUTHORIZED DEBIT ABC CHILDREN'S CENTRE,1358.03,
2023-07-03,Electronic Funds Transfer PREAUTHORIZED DEBIT ABC CHILDREN'S CENTRE,1224.85,
2023-08-03,Electronic Funds Transfer PREAUTHORIZED DEBIT ABC CHILDREN'S CENTRE,1207.51,
2023-09-03,Electronic Funds Transfer PREAUTHORIZED DEBIT ABC CHILDREN'S CENTRE,1356.26,
2023-10-03,Electronic Funds Transfer PREAUTHORIZED DEBIT ABC CHILDREN'S CENTRE,1449.34,
2023-11-03,Electronic Funds Transfer PREAUTHORIZED DEBIT ABC CHILDREN'S CENTRE,1357.80,
2023-12-04,Electronic Funds Transfer PREAUTHORIZED DEBIT ABC CHILDREN'S CENTRE,1208.58,
2024-01-04,Electronic Funds Transfer PREAUTHORIZED DEBIT ABC CHILDREN'S CENTRE,1286.77,
2024-02-04,Electronic Funds Transfer PREAUTHORIZED DEBIT ABC CHILDREN'S CENTRE,1368.42,
2024-03-04,Electronic Funds Transfer PREAUTHORIZED DEBIT ABC CHILDREN'S CENTRE,1227.77,
2024-04-03,Electronic Funds Transfer PREAUTHORIZED DEBIT ABC CHILDREN'S CENTRE,1424.71,
2024-05-03,Electronic Funds Transfer PREAUTHORIZED DEBIT ABC CHILDREN'S CENTRE,1202.96,
2024-06-03,Electronic Funds Transfer PREAUTHORIZED DEBIT ABC CHILDREN'S CENTRE,1419.54,
2024-07-03,Electronic Funds Transfer PREAUTHORIZED DEBIT ABC CHILDREN'S CENTRE,1345.52,
2024-08-03,Electronic Funds Transfer PREAUTHORIZED DEBIT ABC CHILDREN'S CENTRE,1250.50,
2024-09-03,Electronic Funds Transfer PREAUTHORIZED DEBIT ABC CHILDREN'S CENTRE,1302.26,
2024-10-03,Electronic Funds Transfer PREAUTHORIZED DEBIT ABC CHILDREN'S CENTRE,1375.57,
2024-11-04,Electronic Funds Transfer PREAUTHORIZED DEBIT ABC CHILDREN'S CENTRE,1389.21,
2024-12-04,Electronic Funds Transfer PREAUTHORIZED DEBIT ABC CHILDREN'S CENTRE,1278.90,
2025-01-04,Electronic Funds Transfer PREAUTHORIZED DEBIT ABC CHILDREN'S CENTRE,1289.66,
2025-02-04,Electronic Funds Transfer PREAUTHORIZED DEBIT ABC CHILDREN'S CENTRE,1458.20,
2025-03-04,Electronic Funds Transfer PREAUTHORIZED DEBIT ABC CHILDREN'S CENTRE,1334.95,
2025-04-03,Electronic Funds Transfer PREAUTHORIZED DEBIT ABC CHILDREN'S CENTRE,1473.26,
2025-05-03,Electronic Funds Transfer PREAUTHORIZED DEBIT ABC CHILDREN'S CENTRE,1334.65,
2025-06-03,Electronic Funds Transfer PREAUTHORIZED DEBIT ABC CHILDREN'S CENTRE,1327.82,
2025-07-03,Electronic Funds Transfer PREAUTHORIZED DEBIT ABC CHILDREN'S CENTRE,1496.50,
2025-08-03,Electronic Funds Transfer PREAUTHORIZED DEBIT ABC CHILDREN'S CENTRE,1418.79,
2025-09-03,Electronic Funds Transfer PREAUTHORIZED DEBIT ABC CHILDREN'S CENTRE,1357.24,
2025-10-03,Electronic Funds Transfer PREAUTHORIZED DEBIT ABC CHILDREN'S CENTRE,1479.75,
2025-11-04,Electronic Funds Transfer PREAUTHORIZED DEBIT ABC CHILDREN'S CENTRE,1224.78,
2023-01-05,Electronic Funds Transfer PREAUTHORIZED DEBIT ELECTRIC COMPANY,97.00,
2023-02-05,Electronic Funds Transfer PREAUTHORIZED DEBIT INTERNET PROVIDER,131.79,
2023-03-05,Electronic Funds Transfer PREAUTHORIZED DEBIT GAS UTILITY,182.30,
2023-04-04,Electronic Funds Transfer PREAUTHORIZED DEBIT INTERNET PROVIDER,138.70,
2023-05-04,Electronic Funds Transfer PREAUTHORIZED DEBIT ELECTRIC COMPANY,163.62,
2023-06-04,Electronic Funds Transfer PREAUTHORIZED DEBIT ELECTRIC COMPANY,134.75,
2023-07-04,Electronic Funds Transfer PREAUTHORIZED DEBIT WATER & SEWER,121.46,
2023-08-04,Electronic Funds Transfer PREAUTHORIZED DEBIT ELECTRIC COMPANY,170.84,
2023-09-04,Electronic Funds Transfer PREAUTHORIZED DEBIT CELL PHONE COMPANY,100.66,
2023-10-04,Electronic Funds Transfer PREAUTHORIZED DEBIT CELL PHONE COMPANY,171.52,
2023-11-04,Electronic Funds Transfer PREAUTHORIZED DEBIT WATER & SEWER,129.35,
2023-12-05,Electronic Funds Transfer PREAUTHORIZED DEBIT ELECTRIC COMPANY,132.74,
2024-01-05,Electronic Funds Transfer PREAUTHORIZED DEBIT GAS UTILITY,161.79,
2024-02-05,Electronic Funds Transfer PREAUTHORIZED DEBIT INTERNET PROVIDER,93.28,
2024-03-05,Electronic Funds Transfer PREAUTHORIZED DEBIT INTERNET PROVIDER,165.30,
2024-04-04,Electronic Funds Transfer PREAUTHORIZED DEBIT GAS UTILITY,195.74,
2024-05-04,Electronic Funds Transfer PREAUTHORIZED DEBIT INTERNET PROVIDER,116.64,
2024-06-04,Electronic Funds Transfer PREAUTHORIZED DEBIT ELECTRIC COMPANY,178.39,
2024-07-04,Electronic Funds Transfer PREAUTHORIZED DEBIT CELL PHONE COMPANY,95.77,
2024-08-04,Electronic Funds Transfer PREAUTHORIZED DEBIT WATER & SEWER,149.95,
2024-09-04,Electronic Funds Transfer PREAUTHORIZED DEBIT CELL PHONE COMPANY,98.20,
2024-10-04,Electronic Funds Transfer PREAUTHORIZED DEBIT WATER & SEWER,149.85,
2024-11-05,Electronic Funds Transfer PREAUTHORIZED DEBIT GAS UTILITY,98.41,
2024-12-05,Electronic Funds Transfer PREAUTHORIZED DEBIT INTERNET PROVIDER,158.58,
2025-01-05,Electronic Funds Transfer PREAUTHORIZED DEBIT ELECTRIC COMPANY,106.39,
2025-02-05,Electronic Funds Transfer PREAUTHORIZED DEBIT INTERNET PROVIDER,105.42,
2025-03-05,Electronic Funds Transfer PREAUTHORIZED DEBIT INTERNET PROVIDER,191.62,
2025-04-04,Electronic Funds Transfer PREAUTHORIZED DEBIT WATER & SEWER,131.04,
2025-05-04,Electronic Funds Transfer PREAUTHORIZED DEBIT CELL PHONE COMPANY,195.38,
2025-06-04,Electronic Funds Transfer PREAUTHORIZED DEBIT ELECTRIC COMPANY,117.86,
2025-07-04,Electronic Funds Transfer PREAUTHORIZED DEBIT WATER & SEWER,160.86,
2025-08-04,Electronic Funds Transfer PREAUTHORIZED DEBIT WATER & SEWER,185.19,
2025-09-04,Electronic Funds Transfer PREAUTHORIZED DEBIT INTERNET PROVIDER,174.45,
2025-10-04,Electronic Funds Transfer PREAUTHORIZED DEBIT GAS UTILITY,118.95,
2025-11-05,Electronic Funds Transfer PREAUTHORIZED DEBIT INTERNET PROVIDER,148.84,
2023-01-03,Point of Sale - Interac RETAIL PURCHASE 313747 GROCERY STORE,122.71,
2023-01-18,Point of Sale - Interac RETAIL PURCHASE 457155 GROCERY STORE,208.44,
2023-01-23,Point of Sale - Interac RETAIL PURCHASE 426557 GROCERY STORE,185.96,
2023-02-10,Point of Sale - Interac RETAIL PURCHASE 880372 GROCERY STORE,160.50,
2023-02-25,Point of Sale - Interac RETAIL PURCHASE 626785 GROCERY STORE,204.98,
2023-03-02,Point of Sale - Interac RETAIL PURCHASE 536377 GROCERY STORE,136.18,
2023-03-08,Point of Sale - Interac RETAIL PURCHASE 070766 GROCERY STORE,139.57,
2023-03-19,Point of Sale - Interac RETAIL PURCHASE 017771 GROCERY STORE,205.95,
2023-04-01,Point of Sale - Interac RETAIL PURCHASE 938444 GROCERY STORE,207.39,
2023-04-15,Point of Sale - Interac RETAIL PURCHASE 924390 GROCERY STORE,214.06,
2023-04-23,Point of Sale - Interac RETAIL PURCHASE 233825 GROCERY STORE,165.46,
2023-05-06,Point of Sale - Interac RETAIL PURCHASE 981424 GROCERY STORE,144.59,
2023-05-12,Point of Sale - Interac RETAIL PURCHASE 671347 GROCERY STORE,186.20,
2023-05-20,Point of Sale - Interac RETAIL PURCHASE 556683 GROCERY STORE,175.33,
2023-05-26,Point of Sale - Interac RETAIL PURCHASE 291076 GROCERY STORE,182.96,
2023-06-02,Point of Sale - Interac RETAIL PURCHASE 912343 GROCERY STORE,175.51,
2023-06-08,Point of Sale - Interac RETAIL PURCHASE 892736 GROCERY STORE,180.12,
2023-06-15,Point of Sale - Interac RETAIL PURCHASE 543791 GROCERY STORE,213.35,
2023-06-23,Point of Sale - Interac RETAIL PURCHASE 616496 GROCERY STORE,205.80,
2023-06-30,Point of Sale - Interac RETAIL PURCHASE 713026 GROCERY STORE,155.94,
2023-07-06,Point of Sale - Interac RETAIL PURCHASE 677466 GROCERY STORE,182.20,
2023-07-12,Point of Sale - Interac RETAIL PURCHASE 377747 GROCERY STORE,146.08,
2023-07-18,Point of Sale - Interac RETAIL PURCHASE 333798 GROCERY STORE,203.04,
2023-07-25,Point of Sale - Interac RETAIL PURCHASE 177423 GROCERY STORE,181.14,
2023-08-10,Point of Sale - Interac RETAIL PURCHASE 045572 GROCERY STORE,141.40,
2023-08-25,Point of Sale - Interac RETAIL PURCHASE 768128 GROCERY STORE,174.93,
2023-09-14,Point of Sale - Interac RETAIL PURCHASE 218030 GROCERY STORE,200.94,
2023-09-19,Point of Sale - Interac RETAIL PURCHASE 539164 GROCERY STORE,186.16,
2023-09-27,Point of Sale - Interac RETAIL PURCHASE 807447 GROCERY STORE,124.58,
2023-10-02,Point of Sale - Interac RETAIL PURCHASE 675600 GROCERY STORE,138.68,
2023-10-13,Point of Sale - Interac RETAIL PURCHASE 784615 GROCERY STORE,148.14,
2023-10-19,Point of Sale - Interac RETAIL PURCHASE 847550 GROCERY STORE,193.55,
2023-10-24,Point of Sale - Interac RETAIL PURCHASE 369559 GROCERY STORE,130.26,
2023-10-31,Point of Sale - Interac RETAIL PURCHASE 149902 GROCERY STORE,147.51,
2023-11-09,Point of Sale - Interac RETAIL PURCHASE 485687 GROCERY STORE,163.62,
2023-11-17,Point of Sale - Interac RETAIL PURCHASE 763952 GROCERY STORE,121.54,
2023-11-24,Point of Sale - Interac RETAIL PURCHASE 152323 GROCERY STORE,217.04,
2023-12-14,Point of Sale - Interac RETAIL PURCHASE 407403 GROCERY STORE,169.12,
2023-12-28,Point of Sale - Interac RETAIL PURCHASE 016483 GROCERY STORE,196.34,
2024-01-08,Point of Sale - Interac RETAIL PURCHASE 676135 GROCERY STORE,178.36,
2024-01-28,Point of Sale - Interac RETAIL PURCHASE 706385 GROCERY STORE,151.04,
2024-02-03,Point of Sale - Interac RETAIL PURCHASE 707226 GROCERY STORE,120.44,
2024-02-17,Point of Sale - Interac RETAIL PURCHASE 348719 GROCERY STORE,164.69,
2024-02-24,Point of Sale - Interac RETAIL PURCHASE 857863 GROCERY STORE,203.31,
2024-03-06,Point of Sale - Interac RETAIL PURCHASE 163069 GROCERY STORE,167.84,
2024-03-18,Point of Sale - Interac RETAIL PURCHASE 475191 GROCERY STORE,163.63,
2024-04-05,Point of Sale - Interac RETAIL PURCHASE 641139 GROCERY STORE,144.23,
2024-04-11,Point of Sale - Interac RETAIL PURCHASE 569561 GROCERY STORE,155.72,
2024-04-19,Point of Sale - Interac RETAIL PURCHASE 047018 GROCERY STORE,164.62,
2024-05-09,Point of Sale - Interac RETAIL PURCHASE 052619 GROCERY STORE,157.04,
2024-05-17,Point of Sale - Interac RETAIL PURCHASE 802597 GROCERY STORE,182.47,
2024-05-24,Point of Sale - Interac RETAIL PURCHASE 951772 GROCERY STORE,151.26,
2024-06-01,Point of Sale - Interac RETAIL PURCHASE 668390 GROCERY STORE,164.61,
2024-06-15,Point of Sale - Interac RETAIL PURCHASE 118319 GROCERY STORE,203.10,
2024-06-21,Point of Sale - Interac RETAIL PURCHASE 462778 GROCERY STORE,174.98,
2024-06-27,Point of Sale - Interac RETAIL PURCHASE 011878 GROCERY STORE,180.70,
2024-07-12,Point of Sale - Interac RETAIL PURCHASE 288142 GROCERY STORE,163.03,
2024-07-19,Point of Sale - Interac RETAIL PURCHASE 990840 GROCERY STORE,175.63,
2024-07-24,Point of Sale - Interac RETAIL PURCHASE 598232 GROCERY STORE,157.83,
2024-08-05,Point of Sale - Interac RETAIL PURCHASE 978112 GROCERY STORE,188.63,
2024-08-10,Point of Sale - Interac RETAIL PURCHASE 143019 GROCERY STORE,214.06,
2024-08-21,Point of Sale - Interac RETAIL PURCHASE 077196 GROCERY STORE,135.98,
2024-09-05,Point of Sale - Interac RETAIL PURCHASE 441633 GROCERY STORE,153.77,
2024-09-13,Point of Sale - Interac RETAIL PURCHASE 096124 GROCERY STORE,161.44,
2024-09-23,Point of Sale - Interac RETAIL PURCHASE 094429 GROCERY STORE,139.83,
2024-10-18,Point of Sale - Interac RETAIL PURCHASE 547847 GROCERY STORE,202.68,
2024-10-23,Point of Sale - Interac RETAIL PURCHASE 983465 GROCERY STORE,161.77,
2024-11-05,Point of Sale - Interac RETAIL PURCHASE 886917 GROCERY STORE,204.53,
2024-11-17,Point of Sale - Interac RETAIL PURCHASE 879701 GROCERY STORE,164.12,
2024-11-24,Point of Sale - Interac RETAIL PURCHASE 642853 GROCERY STORE,217.71,
2024-12-01,Point of Sale - Interac RETAIL PURCHASE 974950 GROCERY STORE,148.56,
2024-12-06,Point of Sale - Interac RETAIL PURCHASE 740392 GROCERY STORE,144.00,
2024-12-12,Point of Sale - Interac RETAIL PURCHASE 371169 GROCERY STORE,183.63,
2024-12-31,Point of Sale - Interac RETAIL PURCHASE 531079 GROCERY STORE,195.71,
2025-01-15,Point of Sale - Interac RETAIL PURCHASE 407042 GROCERY STORE,132.42,
2025-01-22,Point of Sale - Interac RETAIL PURCHASE 950068 GROCERY STORE,209.06,
2025-01-28,Point of Sale - Interac RETAIL PURCHASE 213785 GROCERY STORE,190.49,
2025-02-04,Point of Sale - Interac RETAIL PURCHASE 265473 GROCERY STORE,156.56,
2025-03-01,Point of Sale - Interac RETAIL PURCHASE 874026 GROCERY STORE,176.36,
2025-03-09,Point of Sale - Interac RETAIL PURCHASE 023677 GROCERY STORE,168.48,
2025-03-15,Point of Sale - Interac RETAIL PURCHASE 324264 GROCERY STORE,189.14,
2025-03-20,Point of Sale - Interac RETAIL PURCHASE 827242 GROCERY STORE,204.72,
2025-04-01,Point of Sale - Interac RETAIL PURCHASE 436221 GROCERY STORE,127.27,
2025-04-14,Point of Sale - Interac RETAIL PURCHASE 259828 GROCERY STORE,128.27,
2025-04-22,Point of Sale - Interac RETAIL PURCHASE 112685 GROCERY STORE,181.13,
2025-04-30,Point of Sale - Interac RETAIL PURCHASE 870573 GROCERY STORE,204.88,
2025-05-07,Point of Sale - Interac RETAIL PURCHASE 731941 GROCERY STORE,193.48,
2025-05-12,Point of Sale - Interac RETAIL PURCHASE 505398 GROCERY STORE,212.93,
2025-05-20,Point of Sale - Interac RETAIL PURCHASE 555646 GROCERY STORE,125.95,
2025-06-02,Point of Sale - Interac RETAIL PURCHASE 830646 GROCERY STORE,128.03,
2025-06-09,Point of Sale - Interac RETAIL PURCHASE 038731 GROCERY STORE,183.76,
2025-06-16,Point of Sale - Interac RETAIL PURCHASE 096368 GROCERY STORE,212.73,
2025-06-30,Point of Sale - Interac RETAIL PURCHASE 568604 GROCERY STORE,174.17,
2025-07-29,Point of Sale - Interac RETAIL PURCHASE 172150 GROCERY STORE,152.67,
2025-08-06,Point of Sale - Interac RETAIL PURCHASE 451350 GROCERY STORE,147.10,
2025-08-28,Point of Sale - Interac RETAIL PURCHASE 600952 GROCERY STORE,188.87,
2025-09-03,Point of Sale - Interac RETAIL PURCHASE 026740 GROCERY STORE,185.97,
2025-09-08,Point of Sale - Interac RETAIL PURCHASE 416695 GROCERY STORE,128.33,
2025-09-15,Point of Sale - Interac RETAIL PURCHASE 361743 GROCERY STORE,155.00,
2025-09-21,Point of Sale - Interac RETAIL PURCHASE 218334 GROCERY STORE,214.39,
