2023-01-01,PURCHASE FUEL CENTER #456 #152,53.07,
2023-01-01,PURCHASE STARBUCKS COFFEE #562,7.91,
2023-01-01,PURCHASE ONLINE RETAILER #661125,138.17,
2023-01-01,PURCHASE DRUG STORE #793,72.75,
2023-01-08,PURCHASE COFFEE SHOP #41,5.93,
2023-01-08,PURCHASE FAST FOOD CHAIN #915,39.32,
2023-01-09,PURCHASE RESTAURANT #101 #916,53.14,
2023-01-10,PURCHASE SUPERMARKET CHAIN #382,141.24,
2023-01-11,PURCHASE FUEL CENTER #456 #366,54.12,
2023-01-11,PURCHASE SUPERMARKET CHAIN #492,178.60,
2023-01-14,PURCHASE PHARMACY #123 #828,72.53,
2023-01-15,PURCHASE FUEL CENTER #456 #24,49.15,
2023-01-15,PURCHASE GROCERY STORE #405,166.84,
2023-01-15,PURCHASE COFFEE SHOP #763,9.25,
2023-01-15,PURCHASE FAST FOOD CHAIN #147,77.59,
2023-01-16,PURCHASE STARBUCKS COFFEE #664,6.44,
2023-01-18,PURCHASE SUPERMARKET CHAIN #45,121.66,
2023-01-18,PURCHASE STARBUCKS COFFEE #81,10.88,
2023-01-24,PURCHASE SUPERMARKET CHAIN #928,164.96,
2023-01-25,PURCHASE ONLINE RETAILER #57825,249.97,
2023-01-27,PURCHASE FUEL CENTER #456 #742,60.79,
2023-01-27,PURCHASE PHARMACY #123 #906,20.51,
2023-01-28,PURCHASE GROCERY STORE #578,141.75,
2023-01-29,PURCHASE GAS STATION #123 #762,58.60,
2023-01-29,PURCHASE SUPERMARKET CHAIN #889,151.95,
2023-02-03,PURCHASE GAS STATION #123 #915,67.49,
2023-02-03,PURCHASE KIDS SHOE STORE #259,113.48,
2023-02-06,PURCHASE GAS STATION #789 #343,57.36,
2023-02-06,PURCHASE STARBUCKS COFFEE #991,14.39,
2023-02-06,PURCHASE AMAZON.COM PURCHASE #784935,143.38,
2023-02-07,PURCHASE FUEL CENTER #456 #909,74.40,
2023-02-07,PURCHASE SUPERMARKET CHAIN #399,172.25,
2023-02-07,PURCHASE TIM HORTONS #696,12.18,
2023-02-08,PURCHASE ORGANIC FOOD MARKET #273,150.35,
2023-02-08,PURCHASE CHILDREN'S CLOTHING #385,115.43,
2023-02-08,PURCHASE PHARMACY #123 #902,29.16,
2023-02-10,PURCHASE GAS STATION #789 #859,52.66,
2023-02-10,PURCHASE STARBUCKS COFFEE #984,8.28,
2023-02-10,PURCHASE AMAZON.COM PURCHASE #731630,124.74,
2023-02-11,PURCHASE COFFEE SHOP #745,5.04,
2023-02-13,PURCHASE FUEL CENTER #456 #593,70.04,
2023-02-13,PURCHASE FAMILY RESTAURANT #804,105.61,
2023-02-14,PURCHASE TARGET.COM #73426,51.31,
2023-02-14,PURCHASE AMUSEMENT PARK #598,75.29,
2023-02-19,PURCHASE SUPERMARKET CHAIN #925,155.77,
2023-02-19,PURCHASE AMAZON.COM PURCHASE #131063,147.94,
2023-02-20,PURCHASE FUEL CENTER #456 #127,58.30,
2023-02-20,PURCHASE GROCERY STORE #880,102.09,
2023-02-20,PURCHASE RESTAURANT #101 #572,52.28,
2023-02-22,PURCHASE GAS STATION #123 #406,63.38,
2023-02-22,PURCHASE TIM HORTONS #633,14.71,
2023-02-26,PURCHASE GAS STATION #789 #569,51.12,
2023-02-26,PURCHASE ORGANIC FOOD MARKET #308,104.39,
2023-02-26,PURCHASE TIM HORTONS #98,14.33,
2023-02-26,PURCHASE FAMILY RESTAURANT #34,88.76,
2023-03-05,PURCHASE GAS STATION #789 #498,47.85,
2023-03-05,PURCHASE TARGET.COM #777515,112.15,
2023-03-05,PURCHASE HOME DEPOT #691,383.63,
2023-03-07,PURCHASE GAS STATION #123 #922,59.71,
2023-03-07,PURCHASE GROCERY STORE #952,114.03,
2023-03-07,PURCHASE TIM HORTONS #814,6.87,
2023-03-09,PURCHASE GROCERY STORE #307,165.40,
2023-03-12,PURCHASE FUEL CENTER #456 #449,69.69,
2023-03-13,PURCHASE GAS STATION #789 #620,70.52,
2023-03-13,PURCHASE TIM HORTONS #175,14.23,
2023-03-14,PURCHASE FUEL CENTER #456 #3,71.57,
2023-03-14,PURCHASE STARBUCKS COFFEE #373,11.86,
2023-03-14,PURCHASE PHARMACY #123 #764,73.89,
2023-03-16,PURCHASE COFFEE SHOP #156,11.43,
2023-03-16,PURCHASE FAST FOOD CHAIN #222,55.57,
2023-03-16,PURCHASE TOY STORE #926,84.92,
2023-03-21,PURCHASE GAS STATION #789 #799,59.09,
2023-03-22,PURCHASE FAMILY RESTAURANT #515,84.78,
2023-03-22,PURCHASE PHARMACY #123 #730,59.90,
2023-03-25,PURCHASE GAS STATION #123 #538,58.54,
2023-03-25,PURCHASE COFFEE SHOP #304,12.29,
2023-03-28,PURCHASE TARGET.COM #125050,39.87,
2023-03-28,PURCHASE HOME DEPOT #817,384.87,
2023-03-29,PURCHASE MOVIE THEATER #768,127.96,
2023-03-30,PURCHASE ORGANIC FOOD MARKET #220,156.53,
2023-03-30,PURCHASE STARBUCKS COFFEE #354,7.97,
2023-03-31,PURCHASE AMAZON.COM PURCHASE #989837,210.04,
2023-04-01,PURCHASE COFFEE SHOP #704,13.75,
2023-04-01,PURCHASE FAST FOOD CHAIN #872,89.17,
2023-04-01,PURCHASE AMUSEMENT PARK #133,119.87,
2023-04-06,PURCHASE GAS STATION #123 #634,45.65,
2023-04-06,PURCHASE ONLINE RETAILER #905556,122.52,
2023-04-06,PURCHASE TOY STORE #895,103.13,
2023-04-07,PURCHASE GAS STATION #123 #963,61.05,
2023-04-07,PURCHASE COFFEE SHOP #626,11.17,
2023-04-07,PURCHASE HOME DEPOT #454,298.97,
2023-04-08,PURCHASE GAS STATION #789 #262,66.40,
2023-04-08,PURCHASE ORGANIC FOOD MARKET #430,170.11,
2023-04-08,PURCHASE COFFEE SHOP #607,7.64,
2023-04-08,PURCHASE DRUG STORE #151,44.26,
2023-04-10,PURCHASE COFFEE SHOP #658,10.85,
2023-04-12,PURCHASE PIZZA PLACE #570,106.82,
2023-04-12,PURCHASE PHARMACY #123 #784,39.94,
2023-04-16,PURCHASE GAS STATION #123 #461,65.86,
2023-04-16,PURCHASE SUPERMARKET CHAIN #311,96.14,
2023-04-17,PURCHASE GAS STATION #123 #296,50.87,
2023-04-17,PURCHASE STARBUCKS COFFEE #738,14.09,
2023-04-17,PURCHASE FAMILY RESTAURANT #574,119.56,
2023-04-17,PURCHASE HARDWARE STORE #347,98.97,
2023-04-20,PURCHASE PHARMACY #123 #578,33.23,
2023-04-20,PURCHASE MOVIE THEATER #348,110.80,
2023-04-22,PURCHASE PIZZA PLACE #259,75.42,
2023-04-22,PURCHASE ONLINE RETAILER #520423,172.05,
2023-04-23,PURCHASE GAS STATION #789 #786,71.27,
2023-04-23,PURCHASE SUPERMARKET CHAIN #873,143.59,
2023-04-23,PURCHASE TIM HORTONS #377,8.59,
2023-04-23,PURCHASE PIZZA PLACE #625,116.82,
2023-04-27,PURCHASE SUPERMARKET CHAIN #717,174.34,
2023-04-27,PURCHASE STARBUCKS COFFEE #218,13.29,
2023-04-29,PURCHASE GAS STATION #123 #334,67.63,
2023-05-02,PURCHASE GAS STATION #789 #869,71.98,
2023-05-02,PURCHASE GROCERY STORE #425,122.69,
2023-05-02,PURCHASE AMAZON.COM PURCHASE #678241,223.66,
2023-05-04,PURCHASE GAS STATION #123 #321,55.27,
2023-05-04,PURCHASE GROCERY STORE #416,107.66,
2023-05-04,PURCHASE STARBUCKS COFFEE #213,5.81,
2023-05-04,PURCHASE AMAZON.COM PURCHASE #622473,215.53,
2023-05-04,PURCHASE CHILDREN'S CLOTHING #209,35.15,
2023-05-09,PURCHASE COFFEE SHOP #236,6.21,
2023-05-09,PURCHASE PIZZA PLACE #841,77.08,
2023-05-12,PURCHASE ORGANIC FOOD MARKET #778,136.20,
2023-05-12,PURCHASE STARBUCKS COFFEE #30,8.04,
2023-05-12,PURCHASE FAMILY RESTAURANT #548,66.34,
2023-05-12,PURCHASE AMAZON.COM PURCHASE #621694,42.41,
2023-05-14,PURCHASE GAS STATION #123 #204,74.40,
2023-05-14,PURCHASE FAST FOOD CHAIN #295,42.22,
2023-05-15,PURCHASE ONLINE RETAILER #551577,65.97,
2023-05-15,PURCHASE DRUG STORE #424,34.85,
2023-05-17,PURCHASE KIDS SHOE STORE #40,106.84,
2023-05-17,PURCHASE DRUG STORE #358,75.98,
2023-05-23,PURCHASE COFFEE SHOP #83,11.04,
2023-05-23,PURCHASE PIZZA PLACE #461,104.25,
2023-05-23,PURCHASE AMAZON.COM PURCHASE #132147,58.18,
2023-05-24,PURCHASE GAS STATION #123 #898,56.32,
2023-05-24,PURCHASE COFFEE SHOP #589,13.73,
2023-05-24,PURCHASE TARGET.COM #863808,102.73,
2023-05-25,PURCHASE GAS STATION #123 #674,47.66,
2023-05-25,PURCHASE ORGANIC FOOD MARKET #795,91.52,
2023-05-27,PURCHASE FUEL CENTER #456 #530,49.57,
2023-05-27,PURCHASE ONLINE RETAILER #552285,245.93,
2023-05-28,PURCHASE STARBUCKS COFFEE #893,12.58,
2023-05-28,PURCHASE TOY STORE #648,53.22,
2023-05-29,PURCHASE GROCERY STORE #821,109.86,
2023-05-29,PURCHASE COFFEE SHOP #321,12.42,
2023-05-29,PURCHASE TARGET.COM #580938,227.40,
2023-05-30,PURCHASE GAS STATION #789 #328,71.41,
2023-05-30,PURCHASE STARBUCKS COFFEE #228,11.45,
2023-05-30,PURCHASE HOME DEPOT #470,84.85,
2023-05-31,PURCHASE SUPERMARKET CHAIN #8,92.30,
2023-05-31,PURCHASE COFFEE SHOP #285,13.91,
2023-05-31,PURCHASE PIZZA PLACE #781,82.49,
2023-05-31,PURCHASE TARGET.COM #958572,210.85,
2023-06-01,PURCHASE VACATION RENTAL #439,620.24,
2023-06-02,PURCHASE COFFEE SHOP #82,7.22,
2023-06-02,PURCHASE AMAZON.COM PURCHASE #988912,138.12,
2023-06-04,PURCHASE FUEL CENTER #456 #339,61.64,
2023-06-04,PURCHASE STARBUCKS COFFEE #563,6.16,
2023-06-04,PURCHASE FAMILY RESTAURANT #648,98.27,
2023-06-07,PURCHASE TIM HORTONS #760,9.20,
2023-06-10,PURCHASE ORGANIC FOOD MARKET #708,148.32,
2023-06-10,PURCHASE VACATION RENTAL #425,496.82,
2023-06-13,PURCHASE TIM HORTONS #257,7.88,
2023-06-15,PURCHASE AMAZON.COM PURCHASE #415042,165.58,
2023-06-20,PURCHASE COFFEE SHOP #472,9.37,
2023-06-23,PURCHASE GAS STATION #123 #873,62.82,
2023-06-27,PURCHASE ORGANIC FOOD MARKET #744,87.62,
2023-06-27,PURCHASE TIM HORTONS #551,11.08,
2023-06-28,PURCHASE RESTAURANT #101 #331,58.89,
2023-06-28,PURCHASE AMAZON.COM PURCHASE #402983,242.14,
2023-06-28,PURCHASE DRUG STORE #763,27.60,
2023-06-29,PURCHASE GAS STATION #789 #393,72.38,
2023-06-29,PURCHASE HARDWARE STORE #343,128.08,
2023-06-29,PURCHASE RENTAL CAR COMPANY #340,108.01,
2023-06-30,PURCHASE FUEL CENTER #456 #104,71.40,
2023-06-30,PURCHASE TIM HORTONS #490,7.57,
2023-07-01,PURCHASE TIM HORTONS #560,14.49,
2023-07-04,PURCHASE GAS STATION #123 #126,63.13,
2023-07-04,PURCHASE TIM HORTONS #503,8.45,
2023-07-04,PURCHASE HOME IMPROVEMENT #282,174.16,
2023-07-05,PURCHASE VACATION RENTAL #259,738.24,
2023-07-07,PURCHASE ORGANIC FOOD MARKET #729,118.49,
2023-07-07,PURCHASE STARBUCKS COFFEE #676,14.25,
2023-07-07,PURCHASE RESTAURANT #101 #669,118.04,
2023-07-09,PURCHASE FUEL CENTER #456 #34,57.16,
2023-07-09,PURCHASE PIZZA PLACE #638,78.53,
2023-07-11,PURCHASE GAS STATION #123 #639,72.63,
2023-07-11,PURCHASE TIM HORTONS #885,13.26,
2023-07-11,PURCHASE RESTAURANT #101 #588,54.70,
2023-07-13,PURCHASE TARGET.COM #64340,76.45,
2023-07-16,PURCHASE FAMILY RESTAURANT #567,71.29,
2023-07-16,PURCHASE PHARMACY #123 #262,51.44,
2023-07-16,PURCHASE HOTEL RESERVATION #653,297.66,
2023-07-18,PURCHASE STARBUCKS COFFEE #20,12.98,
2023-07-18,PURCHASE FAMILY RESTAURANT #637,99.93,
2023-07-19,PURCHASE COFFEE SHOP #6,14.42,
2023-07-19,PURCHASE FAST FOOD CHAIN #949,91.91,
2023-07-22,PURCHASE GAS STATION #789 #879,67.87,
2023-07-24,PURCHASE ORGANIC FOOD MARKET #683,167.48,
2023-07-24,PURCHASE MOVIE THEATER #325,137.84,
2023-07-25,PURCHASE FUEL CENTER #456 #850,62.59,
2023-07-25,PURCHASE STARBUCKS COFFEE #90,9.16,
2023-07-25,PURCHASE HOTEL RESERVATION #624,622.26,
2023-07-27,PURCHASE ORGANIC FOOD MARKET #615,162.19,
2023-07-27,PURCHASE AIRLINE TICKETS #36,596.80,
2023-07-29,PURCHASE COFFEE SHOP #581,10.08,
2023-07-29,PURCHASE AMUSEMENT PARK #662,117.02,
2023-07-30,PURCHASE COFFEE SHOP #366,14.11,
2023-07-30,PURCHASE TARGET.COM #421042,102.25,
2023-08-02,PURCHASE ONLINE RETAILER #729547,62.70,
2023-08-02,PURCHASE RENTAL CAR COMPANY #276,555.39,
2023-08-03,PURCHASE AIRLINE TICKETS #845,603.38,
2023-08-04,PURCHASE GAS STATION #123 #782,52.20,
2023-08-05,PURCHASE FUEL CENTER #456 #895,67.94,
2023-08-05,PURCHASE GROCERY STORE #666,138.26,
2023-08-05,PURCHASE FAST FOOD CHAIN #599,39.96,
2023-08-05,PURCHASE ZOO #723,89.98,
2023-08-08,PURCHASE GAS STATION #789 #365,47.93,
2023-08-08,PURCHASE GROCERY STORE #517,126.24,
2023-08-08,PURCHASE DRUG STORE #204,72.20,
2023-08-09,PURCHASE FUEL CENTER #456 #267,70.21,
2023-08-09,PURCHASE TIM HORTONS #498,14.55,
2023-08-09,PURCHASE FAST FOOD CHAIN #938,107.28,
2023-08-09,PURCHASE PHARMACY #123 #582,55.21,
2023-08-11,PURCHASE ORGANIC FOOD MARKET #516,107.20,
2023-08-11,PURCHASE FAST FOOD CHAIN #594,80.00,
2023-08-11,PURCHASE TARGET.COM #42994,165.56,
2023-08-12,PURCHASE GAS STATION #123 #108,53.36,
2023-08-12,PURCHASE SUPERMARKET CHAIN #811,125.54,
2023-08-12,PURCHASE STARBUCKS COFFEE #694,9.45,
2023-08-15,PURCHASE TIM HORTONS #984,13.96,
2023-08-15,PURCHASE AIRLINE TICKETS #880,239.17,
2023-08-16,PURCHASE GROCERY STORE #719,177.86,
2023-08-16,PURCHASE TIM HORTONS #388,13.80,
2023-08-18,PURCHASE SUPERMARKET CHAIN #714,162.06,
2023-08-18,PURCHASE TIM HORTONS #934,6.24,
2023-08-18,PURCHASE TOY STORE #554,92.33,
2023-08-18,PURCHASE VACATION RENTAL #519,132.20,
2023-08-19,PURCHASE GROCERY STORE #299,113.68,
2023-08-19,PURCHASE PIZZA PLACE #393,82.57,
2023-08-19,PURCHASE DRUG STORE #666,51.97,
2023-08-20,PURCHASE FUEL CENTER #456 #41,50.47,
2023-08-20,PURCHASE COFFEE SHOP #434,6.49,
2023-08-20,PURCHASE FAST FOOD CHAIN #688,85.87,
2023-08-21,PURCHASE GAS STATION #789 #713,69.50,
2023-08-21,PURCHASE GROCERY STORE #521,133.64,
2023-08-21,PURCHASE TARGET.COM #726109,176.74,
2023-08-21,PURCHASE ZOO #739,184.82,
2023-08-25,PURCHASE GROCERY STORE #859,174.94,
2023-08-25,PURCHASE COFFEE SHOP #133,10.19,
2023-08-26,PURCHASE GAS STATION #789 #105,71.24,
2023-08-26,PURCHASE STARBUCKS COFFEE #772,13.25,
2023-08-26,PURCHASE PIZZA PLACE #700,39.05,
2023-08-26,PURCHASE HARDWARE STORE #434,142.97,
2023-08-26,PURCHASE VACATION RENTAL #117,162.28,
2023-08-27,PURCHASE STARBUCKS COFFEE #975,14.45,
2023-08-28,PURCHASE ONLINE RETAILER #349711,208.56,
2023-08-30,PURCHASE PHARMACY #123 #210,51.71,
2023-08-30,PURCHASE RENTAL CAR COMPANY #304,546.06,
2023-09-01,PURCHASE GROCERY STORE #622,153.78,
2023-09-01,PURCHASE STARBUCKS COFFEE #357,11.58,
2023-09-02,PURCHASE FUEL CENTER #456 #902,57.07,
2023-09-02,PURCHASE ORGANIC FOOD MARKET #399,111.59,
2023-09-02,PURCHASE TIM HORTONS #862,8.05,
2023-09-06,PURCHASE ORGANIC FOOD MARKET #871,179.96,
2023-09-06,PURCHASE CHILDREN'S CLOTHING #636,104.34,
2023-09-08,PURCHASE FUEL CENTER #456 #647,67.36,
2023-09-08,PURCHASE COFFEE SHOP #291,9.69,
2023-09-11,PURCHASE GROCERY STORE #801,171.01,
2023-09-11,PURCHASE STARBUCKS COFFEE #815,10.38,
2023-09-11,PURCHASE ONLINE RETAILER #46141,64.22,
2023-09-15,PURCHASE COFFEE SHOP #877,5.05,
2023-09-15,PURCHASE AMAZON.COM PURCHASE #261421,73.99,
2023-09-16,PURCHASE COFFEE SHOP #900,6.32,
2023-09-16,PURCHASE HOME DEPOT #145,378.22,
2023-09-18,PURCHASE FUEL CENTER #456 #136,45.74,
2023-09-18,PURCHASE STARBUCKS COFFEE #371,6.58,
2023-09-18,PURCHASE RESTAURANT #101 #710,115.28,
2023-09-21,PURCHASE ORGANIC FOOD MARKET #919,154.22,
2023-09-21,PURCHASE TIM HORTONS #269,9.58,
2023-09-25,PURCHASE TIM HORTONS #364,7.40,
2023-09-25,PURCHASE FAST FOOD CHAIN #366,40.61,
2023-09-25,PURCHASE ONLINE RETAILER #621669,29.93,
2023-10-02,PURCHASE COFFEE SHOP #514,5.37,
2023-10-02,PURCHASE ONLINE RETAILER #893381,41.21,
2023-10-04,PURCHASE FUEL CENTER #456 #346,69.63,
2023-10-06,PURCHASE GAS STATION #123 #840,56.05,
2023-10-06,PURCHASE PHARMACY #123 #381,28.96,
2023-10-07,PURCHASE GAS STATION #789 #540,46.33,
2023-10-07,PURCHASE GROCERY STORE #207,125.37,
2023-10-07,PURCHASE FAST FOOD CHAIN #924,102.26,
2023-10-07,PURCHASE ZOO #221,161.37,
2023-10-14,PURCHASE GAS STATION #789 #903,48.11,
2023-10-14,PURCHASE SUPERMARKET CHAIN #616,105.06,
2023-10-15,PURCHASE TARGET.COM #93749,98.14,
2023-10-15,PURCHASE PHARMACY #123 #610,71.15,
2023-10-16,PURCHASE FUEL CENTER #456 #16,66.23,
2023-10-17,PURCHASE STARBUCKS COFFEE #585,13.88,
2023-10-17,PURCHASE TARGET.COM #220751,70.17,
2023-10-18,PURCHASE GAS STATION #789 #126,63.37,
2023-10-18,PURCHASE PHARMACY #123 #93,32.17,
2023-10-18,PURCHASE HOME IMPROVEMENT #222,291.48,
2023-10-19,PURCHASE GAS STATION #789 #37,74.60,
2023-10-19,PURCHASE COFFEE SHOP #961,12.68,
2023-10-19,PURCHASE PIZZA PLACE #876,47.13,
2023-10-21,PURCHASE GAS STATION #789 #194,51.44,
2023-10-21,PURCHASE STARBUCKS COFFEE #684,10.85,
2023-10-21,PURCHASE RESTAURANT #101 #388,57.71,
2023-10-22,PURCHASE GAS STATION #789 #333,47.72,
2023-10-31,PURCHASE GAS STATION #123 #807,69.62,
2023-10-31,PURCHASE TIM HORTONS #569,5.52,
2023-10-31,PURCHASE RESTAURANT #101 #989,107.80,
2023-11-01,PURCHASE GAS STATION #789 #980,68.91,
2023-11-01,PURCHASE ORGANIC FOOD MARKET #474,124.99,
2023-11-01,PURCHASE COFFEE SHOP #462,6.08,
2023-11-01,PURCHASE ONLINE RETAILER #207942,193.14,
2023-11-02,PURCHASE GAS STATION #123 #669,54.44,
2023-11-02,PURCHASE GROCERY STORE #594,130.02,
2023-11-02,PURCHASE COFFEE SHOP #172,13.63,
2023-11-02,PURCHASE PIZZA PLACE #455,91.96,
2023-11-02,PURCHASE AMAZON.COM PURCHASE #548570,233.84,
2023-11-07,PURCHASE GROCERY STORE #809,177.59,
2023-11-07,PURCHASE STARBUCKS COFFEE #46,6.75,
2023-11-08,PURCHASE GROCERY STORE #70,162.02,
2023-11-09,PURCHASE SUPERMARKET CHAIN #97,104.31,
2023-11-09,PURCHASE TIM HORTONS #707,14.24,
2023-11-09,PURCHASE FAST FOOD CHAIN #977,46.08,
2023-11-09,PURCHASE DRUG STORE #928,56.22,
2023-11-11,PURCHASE ORGANIC FOOD MARKET #733,92.73,
2023-11-11,PURCHASE FAMILY RESTAURANT #516,54.22,
2023-11-11,PURCHASE AMAZON.COM PURCHASE #282152,121.52,
2023-11-12,PURCHASE FUEL CENTER #456 #141,56.39,
2023-11-12,PURCHASE SUPERMARKET CHAIN #17,151.21,
2023-11-12,PURCHASE PHARMACY #123 #110,25.89,
2023-11-13,PURCHASE FAST FOOD CHAIN #485,52.62,
2023-11-13,PURCHASE MOVIE THEATER #744,119.60,
2023-11-15,PURCHASE GAS STATION #123 #454,60.56,
2023-11-15,PURCHASE COFFEE SHOP #788,7.93,
2023-11-16,PURCHASE SUPERMARKET CHAIN #320,164.75,
2023-11-16,PURCHASE DRUG STORE #483,79.41,
2023-11-17,PURCHASE GROCERY STORE #243,109.30,
2023-11-20,PURCHASE GAS STATION #123 #286,63.99,
2023-11-20,PURCHASE COFFEE SHOP #542,14.60,
2023-11-20,PURCHASE PIZZA PLACE #340,67.35,
2023-11-21,PURCHASE SUPERMARKET CHAIN #246,125.88,
2023-11-21,PURCHASE TARGET.COM #818314,94.49,
2023-11-22,PURCHASE ORGANIC FOOD MARKET #536,115.32,
2023-11-22,PURCHASE TIM HORTONS #615,13.66,
2023-11-22,PURCHASE ONLINE RETAILER #471332,80.45,
2023-11-29,PURCHASE FUEL CENTER #456 #770,50.08,
2023-11-29,PURCHASE GROCERY STORE #616,145.02,
2023-11-29,PURCHASE COFFEE SHOP #759,13.30,
2023-11-30,PURCHASE ORGANIC FOOD MARKET #217,178.78,
2023-11-30,PURCHASE RESTAURANT #101 #441,64.39,
2023-12-04,PURCHASE GAS STATION #789 #948,54.24,
2023-12-04,PURCHASE ORGANIC FOOD MARKET #419,176.39,
2023-12-04,PURCHASE TIM HORTONS #677,8.89,
2023-12-06,PURCHASE COFFEE SHOP #853,8.30,
2023-12-06,PURCHASE FAMILY RESTAURANT #578,113.05,
2023-12-07,PURCHASE FUEL CENTER #456 #743,54.52,
2023-12-08,PURCHASE GAS STATION #123 #492,67.32,
2023-12-08,PURCHASE SUPERMARKET CHAIN #102,112.21,
2023-12-10,PURCHASE TIM HORTONS #402,14.80,
2023-12-10,PURCHASE FAST FOOD CHAIN #19,50.23,
2023-12-12,PURCHASE ORGANIC FOOD MARKET #885,118.37,
2023-12-12,PURCHASE TIM HORTONS #294,5.09,
2023-12-12,PURCHASE ONLINE RETAILER #252486,214.71,
2023-12-12,PURCHASE TOY STORE #955,34.09,
2023-12-13,PURCHASE GROCERY STORE #183,86.52,
2023-12-13,PURCHASE HOME IMPROVEMENT #88,241.07,
2023-12-14,PURCHASE SUPERMARKET CHAIN #141,179.59,
2023-12-14,PURCHASE STARBUCKS COFFEE #578,12.00,
2023-12-14,PURCHASE TOY STORE #795,32.20,
2023-12-16,PURCHASE GAS STATION #123 #482,68.21,
2023-12-16,PURCHASE STARBUCKS COFFEE #324,7.29,
2023-12-18,PURCHASE FUEL CENTER #456 #673,66.45,
2023-12-18,PURCHASE COFFEE SHOP #379,5.65,
2023-12-22,PURCHASE ORGANIC FOOD MARKET #821,128.74,
2023-12-22,PURCHASE AMAZON.COM PURCHASE #6898,128.38,
2023-12-23,PURCHASE GAS STATION #123 #340,59.17,
2023-12-23,PURCHASE COFFEE SHOP #902,7.61,
2023-12-29,PURCHASE STARBUCKS COFFEE #440,6.06,
2023-12-30,PURCHASE GAS STATION #123 #636,56.84,
2023-12-31,PURCHASE GROCERY STORE #124,160.08,
2023-12-31,PURCHASE COFFEE SHOP #22,11.86,
2023-12-31,PURCHASE FAMILY RESTAURANT #831,67.96,
2023-12-31,PURCHASE DRUG STORE #291,77.03,
2024-01-02,PURCHASE STARBUCKS COFFEE #164,14.24,
2024-01-02,PURCHASE AMAZON.COM PURCHASE #698138,188.19,
2024-01-05,PURCHASE ORGANIC FOOD MARKET #668,87.44,
2024-01-05,PURCHASE COFFEE SHOP #700,6.57,
2024-01-05,PURCHASE RESTAURANT #101 #119,54.92,
2024-01-10,PURCHASE FUEL CENTER #456 #466,74.17,
2024-01-10,PURCHASE TIM HORTONS #277,9.69,
2024-01-12,PURCHASE GROCERY STORE #490,168.60,
2024-01-12,PURCHASE FAMILY RESTAURANT #245,87.99,
2024-01-13,PURCHASE ONLINE RETAILER #955058,177.01,
2024-01-14,PURCHASE GAS STATION #789 #101,47.51,
2024-01-14,PURCHASE SUPERMARKET CHAIN #190,110.03,
2024-01-19,PURCHASE FUEL CENTER #456 #581,61.20,
2024-01-19,PURCHASE STARBUCKS COFFEE #173,10.25,
2024-01-19,PURCHASE FAMILY RESTAURANT #951,79.92,
2024-01-19,PURCHASE HARDWARE STORE #197,300.78,
2024-01-20,PURCHASE GAS STATION #789 #9,68.28,
2024-01-20,PURCHASE COFFEE SHOP #399,5.60,
2024-01-20,PURCHASE CHILDREN'S CLOTHING #381,140.36,
2024-01-22,PURCHASE TIM HORTONS #131,9.92,
2024-01-23,PURCHASE ORGANIC FOOD MARKET #286,174.94,
2024-01-25,PURCHASE STARBUCKS COFFEE #630,7.89,
2024-01-26,PURCHASE COFFEE SHOP #882,6.06,
2024-01-28,PURCHASE GROCERY STORE #650,142.37,
2024-01-28,PURCHASE FAST FOOD CHAIN #641,51.00,
2024-01-28,PURCHASE TARGET.COM #95417,96.22,
2024-01-30,PURCHASE GAS STATION #789 #783,58.62,
2024-01-30,PURCHASE STARBUCKS COFFEE #96,14.88,
2024-01-31,PURCHASE GROCERY STORE #957,117.75,
2024-01-31,PURCHASE PIZZA PLACE #26,91.02,
2024-02-02,PURCHASE FUEL CENTER #456 #491,59.68,
2024-02-05,PURCHASE GAS STATION #789 #581,65.25,
2024-02-05,PURCHASE SUPERMARKET CHAIN #563,117.12,
2024-02-05,PURCHASE FAST FOOD CHAIN #100,112.47,
2024-02-06,PURCHASE COFFEE SHOP #112,10.58,
2024-02-11,PURCHASE STARBUCKS COFFEE #755,5.89,
2024-02-11,PURCHASE PIZZA PLACE #533,59.34,
2024-02-11,PURCHASE ONLINE RETAILER #274700,70.33,
2024-02-11,PURCHASE TOY STORE #760,143.71,
2024-02-12,PURCHASE GAS STATION #789 #781,70.68,
2024-02-12,PURCHASE RESTAURANT #101 #468,71.38,
2024-02-14,PURCHASE ONLINE RETAILER #393037,169.56,
2024-02-16,PURCHASE ORGANIC FOOD MARKET #508,140.51,
2024-02-16,PURCHASE TIM HORTONS #343,8.10,
2024-02-18,PURCHASE GAS STATION #789 #109,64.62,
2024-02-18,PURCHASE TIM HORTONS #523,9.65,
2024-02-18,PURCHASE ZOO #853,168.43,
2024-02-20,PURCHASE TIM HORTONS #583,13.81,
2024-02-21,PURCHASE AMAZON.COM PURCHASE #972072,86.63,
2024-02-23,PURCHASE GAS STATION #123 #822,54.33,
2024-02-23,PURCHASE RESTAURANT #101 #213,59.86,
2024-02-24,PURCHASE GROCERY STORE #340,161.67,
2024-02-24,PURCHASE TIM HORTONS #589,12.09,
2024-02-24,PURCHASE PHARMACY #123 #499,61.13,
2024-02-27,PURCHASE ONLINE RETAILER #876486,132.98,
2024-03-01,PURCHASE GAS STATION #123 #565,52.90,
2024-03-01,PURCHASE TIM HORTONS #227,12.74,
2024-03-01,PURCHASE TARGET.COM #205751,47.98,
2024-03-01,PURCHASE DRUG STORE #353,69.08,
2024-03-04,PURCHASE GAS STATION #789 #955,64.94,
2024-03-05,PURCHASE GROCERY STORE #100,131.86,
2024-03-05,PURCHASE TOY STORE #742,107.06,
2024-03-06,PURCHASE GAS STATION #789 #813,62.37,
2024-03-06,PURCHASE TIM HORTONS #195,9.28,
2024-03-10,PURCHASE STARBUCKS COFFEE #644,11.00,
2024-03-10,PURCHASE AMAZON.COM PURCHASE #164350,200.67,
2024-03-11,PURCHASE FUEL CENTER #456 #209,58.97,
2024-03-12,PURCHASE GAS STATION #789 #785,57.58,
2024-03-12,PURCHASE TIM HORTONS #819,13.74,
2024-03-12,PURCHASE ONLINE RETAILER #737518,162.99,
2024-03-13,PURCHASE GAS STATION #123 #605,57.11,
2024-03-13,PURCHASE PIZZA PLACE #230,108.76,
2024-03-13,PURCHASE ONLINE RETAILER #867429,235.53,
2024-03-14,PURCHASE GAS STATION #123 #20,68.07,
2024-03-14,PURCHASE STARBUCKS COFFEE #43,12.44,
2024-03-14,PURCHASE FAMILY RESTAURANT #951,108.38,
2024-03-14,PURCHASE DRUG STORE #740,31.03,
2024-03-22,PURCHASE FAMILY RESTAURANT #62,86.39,
2024-03-23,PURCHASE ONLINE RETAILER #42949,149.82,
2024-03-24,PURCHASE GAS STATION #123 #651,46.19,
2024-03-24,PURCHASE TIM HORTONS #29,8.86,
2024-03-25,PURCHASE GAS STATION #123 #50,47.76,
2024-03-25,PURCHASE COFFEE SHOP #872,9.21,
2024-03-25,PURCHASE AMAZON.COM PURCHASE #138281,170.81,
2024-03-26,PURCHASE GAS STATION #789 #782,68.38,
2024-03-27,PURCHASE STARBUCKS COFFEE #275,11.40,
2024-03-27,PURCHASE TARGET.COM #129496,87.19,
2024-03-29,PURCHASE STARBUCKS COFFEE #675,13.57,
2024-03-29,PURCHASE ONLINE RETAILER #212514,166.64,
2024-04-01,PURCHASE COFFEE SHOP #966,12.07,
2024-04-06,PURCHASE GROCERY STORE #189,128.33,
2024-04-06,PURCHASE RESTAURANT #101 #771,68.10,
2024-04-07,PURCHASE FUEL CENTER #456 #527,65.91,
2024-04-07,PURCHASE ORGANIC FOOD MARKET #360,111.14,
2024-04-07,PURCHASE AMAZON.COM PURCHASE #533870,244.14,
2024-04-12,PURCHASE STARBUCKS COFFEE #898,9.78,
2024-04-16,PURCHASE GROCERY STORE #649,86.29,
2024-04-18,PURCHASE STARBUCKS COFFEE #780,6.21,
2024-04-19,PURCHASE GAS STATION #789 #483,57.11,
2024-04-19,PURCHASE RESTAURANT #101 #582,63.17,
2024-04-19,PURCHASE PHARMACY #123 #269,47.38,
2024-04-20,PURCHASE FUEL CENTER #456 #743,59.88,
2024-04-20,PURCHASE COFFEE SHOP #97,7.32,
2024-04-20,PURCHASE FAST FOOD CHAIN #774,114.82,
2024-04-26,PURCHASE GAS STATION #789 #383,66.73,
2024-04-26,PURCHASE COFFEE SHOP #702,10.38,
2024-04-26,PURCHASE PIZZA PLACE #823,64.34,
2024-04-27,PURCHASE FUEL CENTER #456 #635,68.02,
2024-04-27,PURCHASE SUPERMARKET CHAIN #423,165.51,
2024-04-27,PURCHASE TARGET.COM #338910,92.43,
2024-04-28,PURCHASE STARBUCKS COFFEE #602,12.53,
2024-04-28,PURCHASE RESTAURANT #101 #639,40.13,
2024-05-04,PURCHASE GAS STATION #789 #328,63.78,
2024-05-04,PURCHASE SUPERMARKET CHAIN #335,116.26,
2024-05-06,PURCHASE SUPERMARKET CHAIN #295,121.55,
2024-05-06,PURCHASE STARBUCKS COFFEE #121,12.45,
2024-05-07,PURCHASE GAS STATION #123 #475,73.65,
2024-05-07,PURCHASE SUPERMARKET CHAIN #709,172.19,
2024-05-11,PURCHASE FUEL CENTER #456 #587,64.88,
2024-05-11,PURCHASE GROCERY STORE #87,177.19,
2024-05-11,PURCHASE PIZZA PLACE #147,53.29,
2024-05-11,PURCHASE MOVIE THEATER #566,127.21,
2024-05-12,PURCHASE FUEL CENTER #456 #80,63.39,
2024-05-12,PURCHASE GROCERY STORE #22,140.41,
2024-05-12,PURCHASE STARBUCKS COFFEE #371,5.29,
2024-05-12,PURCHASE ONLINE RETAILER #232358,160.42,
2024-05-13,PURCHASE SUPERMARKET CHAIN #822,157.71,
2024-05-13,PURCHASE STARBUCKS COFFEE #396,12.91,
2024-05-13,PURCHASE HARDWARE STORE #717,379.06,
2024-05-14,PURCHASE PHARMACY #123 #183,68.38,
2024-05-18,PURCHASE FUEL CENTER #456 #375,50.34,
2024-05-20,PURCHASE ORGANIC FOOD MARKET #383,157.82,
2024-05-20,PURCHASE TIM HORTONS #107,5.03,
2024-05-20,PURCHASE FAST FOOD CHAIN #511,47.78,
2024-05-23,PURCHASE COFFEE SHOP #785,11.74,
2024-05-28,PURCHASE GAS STATION #123 #362,64.11,
2024-05-28,PURCHASE SUPERMARKET CHAIN #942,153.59,
2024-05-29,PURCHASE STARBUCKS COFFEE #505,8.97,
2024-05-30,PURCHASE GROCERY STORE #854,109.52,
2024-05-31,PURCHASE COFFEE SHOP #404,8.22,
2024-06-01,PURCHASE ORGANIC FOOD MARKET #484,138.65,
2024-06-01,PURCHASE TIM HORTONS #497,11.98,
2024-06-01,PURCHASE RESTAURANT #101 #301,81.30,
2024-06-02,PURCHASE GAS STATION #789 #716,63.05,
2024-06-02,PURCHASE STARBUCKS COFFEE #726,7.89,
2024-06-02,PURCHASE VACATION RENTAL #355,614.98,
2024-06-04,PURCHASE FUEL CENTER #456 #154,54.21,
2024-06-04,PURCHASE ORGANIC FOOD MARKET #693,107.82,
2024-06-04,PURCHASE TIM HORTONS #439,14.00,
2024-06-04,PURCHASE ONLINE RETAILER #285060,135.85,
2024-06-07,PURCHASE STARBUCKS COFFEE #657,9.84,
2024-06-07,PURCHASE ONLINE RETAILER #49276,145.84,
2024-06-12,PURCHASE HOTEL RESERVATION #750,788.78,
2024-06-13,PURCHASE GAS STATION #789 #153,51.75,
2024-06-13,PURCHASE GROCERY STORE #479,122.97,
2024-06-13,PURCHASE TARGET.COM #91279,106.09,
2024-06-14,PURCHASE CHILDREN'S CLOTHING #632,44.30,
2024-06-17,PURCHASE AMAZON.COM PURCHASE #228625,246.26,
2024-06-20,PURCHASE GAS STATION #789 #338,45.70,
2024-06-20,PURCHASE ORGANIC FOOD MARKET #425,137.05,
2024-06-20,PURCHASE TARGET.COM #696474,40.59,
2024-06-20,PURCHASE KIDS SHOE STORE #441,31.45,
2024-06-22,PURCHASE SUPERMARKET CHAIN #240,134.51,
2024-06-23,PURCHASE SUPERMARKET CHAIN #87,100.15,
2024-06-25,PURCHASE GAS STATION #123 #889,51.15,
2024-06-25,PURCHASE TIM HORTONS #687,13.16,
2024-06-25,PURCHASE RESTAURANT #101 #646,88.11,
2024-06-25,PURCHASE HOME IMPROVEMENT #486,354.65,
2024-06-25,PURCHASE ZOO #2,119.64,
2024-06-29,PURCHASE FUEL CENTER #456 #571,71.33,
2024-06-29,PURCHASE AMUSEMENT PARK #984,166.31,
2024-06-30,PURCHASE FUEL CENTER #456 #734,55.91,
2024-06-30,PURCHASE ORGANIC FOOD MARKET #346,115.19,
2024-06-30,PURCHASE RESTAURANT #101 #360,75.50,
2024-06-30,PURCHASE AMUSEMENT PARK #21,90.57,
2024-07-01,PURCHASE GAS STATION #789 #457,48.15,
2024-07-01,PURCHASE STARBUCKS COFFEE #218,13.32,
2024-07-02,PURCHASE GAS STATION #789 #280,73.30,
2024-07-02,PURCHASE TIM HORTONS #174,6.84,
2024-07-02,PURCHASE FAST FOOD CHAIN #243,76.64,
2024-07-02,PURCHASE ZOO #281,89.58,
2024-07-05,PURCHASE GROCERY STORE #487,144.39,
2024-07-05,PURCHASE COFFEE SHOP #894,11.35,
2024-07-05,PURCHASE FAST FOOD CHAIN #184,85.39,
2024-07-05,PURCHASE TARGET.COM #423140,239.23,
2024-07-05,PURCHASE MOVIE THEATER #170,109.26,
2024-07-05,PURCHASE AIRLINE TICKETS #73,499.96,
2024-07-06,PURCHASE GAS STATION #123 #162,74.43,
2024-07-06,PURCHASE SUPERMARKET CHAIN #413,162.27,
2024-07-06,PURCHASE COFFEE SHOP #867,14.05,
2024-07-06,PURCHASE AMAZON.COM PURCHASE #467449,102.20,
2024-07-07,PURCHASE GAS STATION #123 #132,70.51,
2024-07-07,PURCHASE AMAZON.COM PURCHASE #67032,198.54,
2024-07-07,PURCHASE DRUG STORE #40,47.81,
2024-07-08,PURCHASE GAS STATION #123 #762,61.77,
2024-07-08,PURCHASE TIM HORTONS #508,9.35,
2024-07-08,PURCHASE TARGET.COM #435038,147.71,
2024-07-10,PURCHASE GAS STATION #789 #209,62.27,
2024-07-10,PURCHASE ORGANIC FOOD MARKET #896,98.02,
2024-07-10,PURCHASE PIZZA PLACE #675,114.67,
2024-07-10,PURCHASE AMAZON.COM PURCHASE #481275,145.96,
2024-07-10,PURCHASE VACATION RENTAL #56,387.87,
2024-07-13,PURCHASE GAS STATION #123 #376,74.12,
2024-07-13,PURCHASE TIM HORTONS #224,5.43,
2024-07-15,PURCHASE FUEL CENTER #456 #191,59.01,
2024-07-15,PURCHASE FAMILY RESTAURANT #373,36.90,
2024-07-16,PURCHASE GAS STATION #789 #657,69.61,
2024-07-16,PURCHASE GROCERY STORE #872,87.53,
2024-07-17,PURCHASE ORGANIC FOOD MARKET #437,125.95,
2024-07-19,PURCHASE STARBUCKS COFFEE #841,13.57,
2024-07-21,PURCHASE PIZZA PLACE #5,115.96,
2024-07-23,PURCHASE SUPERMARKET CHAIN #27,125.01,
2024-07-24,PURCHASE STARBUCKS COFFEE #734,14.14,
2024-07-26,PURCHASE GROCERY STORE #324,151.25,
2024-07-26,PURCHASE RESTAURANT #101 #56,100.60,
2024-07-26,PURCHASE TARGET.COM #623228,28.37,
2024-07-28,PURCHASE GAS STATION #123 #501,58.61,
2024-07-28,PURCHASE COFFEE SHOP #711,9.53,
2024-07-31,PURCHASE GAS STATION #789 #534,57.73,
2024-07-31,PURCHASE CHILDREN'S CLOTHING #239,57.73,
2024-08-02,PURCHASE GROCERY STORE #635,100.38,
2024-08-03,PURCHASE SUPERMARKET CHAIN #880,117.25,
2024-08-03,PURCHASE COFFEE SHOP #289,9.32,
2024-08-05,PURCHASE FUEL CENTER #456 #421,46.90,
2024-08-05,PURCHASE CHILDREN'S CLOTHING #630,101.66,
2024-08-05,PURCHASE PHARMACY #123 #177,53.02,
2024-08-05,PURCHASE HOTEL RESERVATION #260,602.41,
2024-08-08,PURCHASE GAS STATION #789 #293,47.61,
2024-08-09,PURCHASE TIM HORTONS #283,7.01,
2024-08-10,PURCHASE FUEL CENTER #456 #786,72.32,
2024-08-10,PURCHASE SUPERMARKET CHAIN #986,145.94,
2024-08-10,PURCHASE STARBUCKS COFFEE #974,12.36,
2024-08-10,PURCHASE ONLINE RETAILER #231188,135.68,
2024-08-10,PURCHASE MOVIE THEATER #200,84.46,
2024-08-15,PURCHASE GROCERY STORE #842,114.19,
2024-08-16,PURCHASE AIRLINE TICKETS #171,586.53,
2024-08-17,PURCHASE GROCERY STORE #322,172.81,
2024-08-17,PURCHASE STARBUCKS COFFEE #438,7.91,
2024-08-17,PURCHASE TARGET.COM #513395,111.28,
2024-08-18,PURCHASE GAS STATION #123 #288,45.40,
2024-08-18,PURCHASE HOTEL RESERVATION #859,634.62,
2024-08-20,PURCHASE FUEL CENTER #456 #94,67.31,
2024-08-22,PURCHASE FUEL CENTER #456 #986,58.24,
2024-08-22,PURCHASE ONLINE RETAILER #394666,214.72,
2024-08-24,PURCHASE FUEL CENTER #456 #407,74.19,
2024-08-24,PURCHASE SUPERMARKET CHAIN #905,155.48,
2024-08-24,PURCHASE PIZZA PLACE #714,51.27,
2024-08-25,PURCHASE GAS STATION #123 #978,49.19,
2024-08-25,PURCHASE STARBUCKS COFFEE #748,14.41,
2024-08-25,PURCHASE RESTAURANT #101 #418,57.55,
2024-08-26,PURCHASE STARBUCKS COFFEE #121,6.69,
2024-08-26,PURCHASE AMAZON.COM PURCHASE #544190,249.24,
2024-08-27,PURCHASE GROCERY STORE #52,89.60,
2024-08-27,PURCHASE TIM HORTONS #138,6.30,
2024-08-27,PURCHASE FAST FOOD CHAIN #876,96.16,
2024-08-29,PURCHASE SUPERMARKET CHAIN #662,108.31,
2024-08-29,PURCHASE COFFEE SHOP #776,14.60,
2024-08-29,PURCHASE ONLINE RETAILER #950240,149.71,
2024-08-31,PURCHASE GAS STATION #123 #809,64.94,
2024-08-31,PURCHASE COFFEE SHOP #643,9.91,
2024-09-03,PURCHASE COFFEE SHOP #297,12.67,
2024-09-03,PURCHASE TARGET.COM #141240,85.39,
2024-09-05,PURCHASE TIM HORTONS #76,9.03,
2024-09-05,PURCHASE CHILDREN'S CLOTHING #130,148.63,
2024-09-05,PURCHASE MOVIE THEATER #811,112.77,
2024-09-07,PURCHASE SUPERMARKET CHAIN #304,157.54,
2024-09-07,PURCHASE STARBUCKS COFFEE #370,9.29,
2024-09-07,PURCHASE PIZZA PLACE #158,92.53,
2024-09-07,PURCHASE TOY STORE #168,141.03,
2024-09-12,PURCHASE GAS STATION #123 #741,65.37,
2024-09-12,PURCHASE STARBUCKS COFFEE #928,5.25,
2024-09-12,PURCHASE HARDWARE STORE #716,173.14,
2024-09-14,PURCHASE GAS STATION #789 #368,58.92,
2024-09-14,PURCHASE COFFEE SHOP #786,13.67,
2024-09-14,PURCHASE AMAZON.COM PURCHASE #944253,61.99,
2024-09-15,PURCHASE AMAZON.COM PURCHASE #578916,86.08,
2024-09-16,PURCHASE TIM HORTONS #404,7.87,
2024-09-18,PURCHASE TIM HORTONS #954,5.81,
2024-09-18,PURCHASE FAMILY RESTAURANT #544,41.89,
2024-09-18,PURCHASE TARGET.COM #80884,148.96,
2024-09-19,PURCHASE FUEL CENTER #456 #695,48.01,
2024-09-19,PURCHASE AMAZON.COM PURCHASE #181419,40.76,
2024-09-19,PURCHASE DRUG STORE #357,51.22,
2024-09-21,PURCHASE GAS STATION #123 #139,60.85,
2024-09-21,PURCHASE COFFEE SHOP #266,13.73,
2024-09-21,PURCHASE RESTAURANT #101 #665,111.54,
2024-09-24,PURCHASE GAS STATION #789 #542,57.22,
2024-09-25,PURCHASE FUEL CENTER #456 #267,51.22,
2024-09-25,PURCHASE STARBUCKS COFFEE #295,6.01,
2024-09-25,PURCHASE FAMILY RESTAURANT #560,40.27,
2024-09-26,PURCHASE TIM HORTONS #545,7.71,
2024-09-26,PURCHASE AMAZON.COM PURCHASE #81841,151.99,
2024-09-26,PURCHASE DRUG STORE #592,29.97,
2024-09-27,PURCHASE TIM HORTONS #322,6.00,
2024-09-29,PURCHASE FUEL CENTER #456 #29,56.08,
2024-09-29,PURCHASE ORGANIC FOOD MARKET #964,134.54,
2024-09-29,PURCHASE STARBUCKS COFFEE #702,12.59,
2024-09-29,PURCHASE PIZZA PLACE #869,108.90,
2024-09-29,PURCHASE ONLINE RETAILER #179898,102.50,
2024-09-30,PURCHASE GAS STATION #123 #268,46.61,
2024-09-30,PURCHASE COFFEE SHOP #188,12.27,
2024-09-30,PURCHASE KIDS SHOE STORE #311,127.97,
2024-10-03,PURCHASE GAS STATION #123 #528,58.56,
2024-10-03,PURCHASE PIZZA PLACE #610,110.50,
2024-10-06,PURCHASE GAS STATION #123 #528,52.59,
2024-10-06,PURCHASE STARBUCKS COFFEE #205,12.56,
2024-10-06,PURCHASE AMAZON.COM PURCHASE #109484,150.05,
2024-10-07,PURCHASE GROCERY STORE #700,164.15,
2024-10-07,PURCHASE TIM HORTONS #573,6.53,
2024-10-10,PURCHASE GROCERY STORE #457,139.21,
2024-10-10,PURCHASE STARBUCKS COFFEE #791,5.53,
2024-10-10,PURCHASE CHILDREN'S CLOTHING #382,92.02,
2024-10-12,PURCHASE FUEL CENTER #456 #301,52.25,
2024-10-12,PURCHASE FAST FOOD CHAIN #984,56.62,
2024-10-14,PURCHASE FUEL CENTER #456 #755,47.99,
2024-10-14,PURCHASE ORGANIC FOOD MARKET #720,95.29,
2024-10-15,PURCHASE ONLINE RETAILER #670501,197.45,
2024-10-15,PURCHASE DRUG STORE #441,75.98,
2024-10-17,PURCHASE GAS STATION #789 #89,72.89,
2024-10-17,PURCHASE GROCERY STORE #576,103.69,
2024-10-17,PURCHASE STARBUCKS COFFEE #645,5.78,
2024-10-17,PURCHASE KIDS SHOE STORE #456,56.65,
2024-10-18,PURCHASE ORGANIC FOOD MARKET #667,157.18,
2024-10-18,PURCHASE COFFEE SHOP #35,13.16,
2024-10-18,PURCHASE KIDS SHOE STORE #269,143.08,
2024-10-20,PURCHASE GAS STATION #123 #726,72.12,
2024-10-20,PURCHASE TIM HORTONS #572,6.16,
2024-10-20,PURCHASE ZOO #894,78.68,
2024-10-22,PURCHASE FAMILY RESTAURANT #162,95.20,
2024-10-24,PURCHASE GAS STATION #789 #430,56.23,
2024-10-24,PURCHASE SUPERMARKET CHAIN #328,110.62,
2024-10-24,PURCHASE TIM HORTONS #521,5.94,
2024-10-26,PURCHASE FUEL CENTER #456 #499,50.05,
2024-11-01,PURCHASE GAS STATION #123 #239,71.03,
2024-11-01,PURCHASE ORGANIC FOOD MARKET #896,107.19,
2024-11-01,PURCHASE TIM HORTONS #6,14.97,
2024-11-04,PURCHASE FUEL CENTER #456 #0,69.30,
2024-11-05,PURCHASE STARBUCKS COFFEE #902,5.81,
2024-11-05,PURCHASE FAMILY RESTAURANT #636,85.76,
2024-11-05,PURCHASE AMAZON.COM PURCHASE #751013,195.82,
2024-11-07,PURCHASE GROCERY STORE #155,157.83,
2024-11-07,PURCHASE COFFEE SHOP #108,11.36,
2024-11-08,PURCHASE GAS STATION #123 #997,45.79,
2024-11-08,PURCHASE STARBUCKS COFFEE #965,7.45,
2024-11-08,PURCHASE ONLINE RETAILER #897513,108.39,
2024-11-09,PURCHASE GAS STATION #123 #775,72.90,
2024-11-09,PURCHASE TIM HORTONS #423,8.52,
2024-11-09,PURCHASE TARGET.COM #630128,236.24,
2024-11-10,PURCHASE STARBUCKS COFFEE #495,10.82,
2024-11-11,PURCHASE GAS STATION #789 #406,73.64,
2024-11-11,PURCHASE STARBUCKS COFFEE #484,6.34,
2024-11-11,PURCHASE FAST FOOD CHAIN #479,46.05,
2024-11-11,PURCHASE ONLINE RETAILER #420138,210.34,
2024-11-11,PURCHASE HOME DEPOT #714,331.95,
2024-11-15,PURCHASE GAS STATION #789 #669,70.55,
2024-11-15,PURCHASE SUPERMARKET CHAIN #253,168.90,
2024-11-15,PURCHASE COFFEE SHOP #517,11.30,
2024-11-15,PURCHASE HARDWARE STORE #139,345.13,
2024-11-15,PURCHASE ZOO #619,125.96,
2024-11-16,PURCHASE COFFEE SHOP #774,13.85,
2024-11-16,PURCHASE AMAZON.COM PURCHASE #69803,86.84,
2024-11-18,PURCHASE GAS STATION #789 #840,70.18,
2024-11-18,PURCHASE GROCERY STORE #812,112.38,
2024-11-18,PURCHASE COFFEE SHOP #382,14.32,
2024-11-18,PURCHASE RESTAURANT #101 #138,77.79,
2024-11-20,PURCHASE GAS STATION #123 #745,51.33,
2024-11-20,PURCHASE TIM HORTONS #96,13.89,
2024-11-22,PURCHASE SUPERMARKET CHAIN #41,158.75,
2024-11-22,PURCHASE COFFEE SHOP #659,7.47,
2024-11-25,PURCHASE SUPERMARKET CHAIN #512,177.06,
2024-11-26,PURCHASE GROCERY STORE #662,90.24,
2024-11-27,PURCHASE GAS STATION #789 #847,72.76,
2024-11-27,PURCHASE COFFEE SHOP #697,12.28,
2024-11-30,PURCHASE GAS STATION #789 #169,51.09,
2024-11-30,PURCHASE SUPERMARKET CHAIN #481,103.05,
2024-12-03,PURCHASE ORGANIC FOOD MARKET #727,165.37,
2024-12-03,PURCHASE TIM HORTONS #627,6.88,
2024-12-05,PURCHASE ONLINE RETAILER #411176,144.24,
2024-12-06,PURCHASE COFFEE SHOP #241,14.38,
2024-12-06,PURCHASE HOME DEPOT #640,160.58,
2024-12-10,PURCHASE STARBUCKS COFFEE #586,8.48,
2024-12-10,PURCHASE RESTAURANT #101 #434,42.15,
2024-12-10,PURCHASE TARGET.COM #285394,102.19,
2024-12-12,PURCHASE ORGANIC FOOD MARKET #355,138.68,
2024-12-12,PURCHASE TIM HORTONS #234,6.89,
2024-12-12,PURCHASE TARGET.COM #50657,64.71,
2024-12-13,PURCHASE GAS STATION #789 #287,53.09,
2024-12-13,PURCHASE STARBUCKS COFFEE #732,8.60,
2024-12-16,PURCHASE GAS STATION #123 #355,61.66,
2024-12-16,PURCHASE SUPERMARKET CHAIN #422,137.17,
2024-12-16,PURCHASE PIZZA PLACE #917,49.98,
2024-12-18,PURCHASE FUEL CENTER #456 #922,62.10,
2024-12-18,PURCHASE STARBUCKS COFFEE #409,13.90,
2024-12-18,PURCHASE FAST FOOD CHAIN #131,79.08,
2024-12-19,PURCHASE GAS STATION #123 #814,68.93,
2024-12-19,PURCHASE GROCERY STORE #926,95.69,
2024-12-19,PURCHASE COFFEE SHOP #442,9.05,
2024-12-19,PURCHASE FAST FOOD CHAIN #701,106.81,
2024-12-27,PURCHASE ORGANIC FOOD MARKET #294,173.26,
2024-12-27,PURCHASE PIZZA PLACE #350,105.13,
2024-12-27,PURCHASE AMAZON.COM PURCHASE #264544,92.45,
2024-12-28,PURCHASE GAS STATION #789 #69,66.06,
2024-12-28,PURCHASE STARBUCKS COFFEE #884,7.15,
2024-12-28,PURCHASE TARGET.COM #626513,246.82,
2024-12-30,PURCHASE GAS STATION #789 #753,67.99,
2024-12-30,PURCHASE SUPERMARKET CHAIN #765,119.99,
2024-12-30,PURCHASE STARBUCKS COFFEE #668,13.33,
2024-12-31,PURCHASE FUEL CENTER #456 #716,73.34,
2024-12-31,PURCHASE TARGET.COM #472270,61.74,
2025-01-02,PURCHASE GAS STATION #123 #216,51.69,
2025-01-02,PURCHASE ORGANIC FOOD MARKET #488,160.41,
2025-01-03,PURCHASE FUEL CENTER #456 #81,52.26,
2025-01-03,PURCHASE ORGANIC FOOD MARKET #432,149.11,
2025-01-05,PURCHASE GAS STATION #123 #437,45.82,
2025-01-05,PURCHASE SUPERMARKET CHAIN #590,160.70,
2025-01-05,PURCHASE TIM HORTONS #500,12.76,
2025-01-06,PURCHASE FUEL CENTER #456 #444,63.49,
2025-01-07,PURCHASE GAS STATION #123 #564,57.84,
2025-01-09,PURCHASE SUPERMARKET CHAIN #531,177.88,
2025-01-09,PURCHASE COFFEE SHOP #183,12.19,
2025-01-09,PURCHASE FAMILY RESTAURANT #128,108.74,
2025-01-11,PURCHASE GAS STATION #789 #912,53.83,
2025-01-11,PURCHASE SUPERMARKET CHAIN #327,127.91,
2025-01-11,PURCHASE COFFEE SHOP #814,7.18,
2025-01-12,PURCHASE GAS STATION #123 #968,53.21,
2025-01-12,PURCHASE FAMILY RESTAURANT #833,49.99,
2025-01-13,PURCHASE TIM HORTONS #145,9.41,
2025-01-13,PURCHASE FAMILY RESTAURANT #123,99.49,
2025-01-13,PURCHASE HOME DEPOT #238,235.03,
2025-01-16,PURCHASE FUEL CENTER #456 #239,45.28,
2025-01-16,PURCHASE COFFEE SHOP #11,5.07,
2025-01-17,PURCHASE RESTAURANT #101 #566,79.21,
2025-01-17,PURCHASE TARGET.COM #159285,174.24,
2025-01-17,PURCHASE HOME DEPOT #110,389.10,
2025-01-20,PURCHASE GAS STATION #789 #597,47.58,
2025-01-20,PURCHASE FAST FOOD CHAIN #719,76.83,
2025-01-21,PURCHASE STARBUCKS COFFEE #695,11.07,
2025-01-21,PURCHASE ONLINE RETAILER #196691,72.34,
2025-01-22,PURCHASE GROCERY STORE #497,178.17,
2025-01-26,PURCHASE FUEL CENTER #456 #626,60.28,
2025-01-26,PURCHASE COFFEE SHOP #172,12.83,
2025-01-26,PURCHASE DRUG STORE #589,37.14,
2025-01-27,PURCHASE GAS STATION #123 #430,46.82,
2025-01-27,PURCHASE STARBUCKS COFFEE #620,8.54,
2025-01-30,PURCHASE GAS STATION #123 #708,52.91,
2025-01-30,PURCHASE STARBUCKS COFFEE #870,13.51,
2025-01-30,PURCHASE TARGET.COM #640648,91.28,
2025-01-30,PURCHASE KIDS SHOE STORE #780,144.40,
2025-01-31,PURCHASE COFFEE SHOP #63,11.91,
2025-01-31,PURCHASE RESTAURANT #101 #31,82.14,
2025-02-03,PURCHASE TOY STORE #205,146.13,
2025-02-05,PURCHASE GAS STATION #123 #504,49.66,
2025-02-05,PURCHASE ORGANIC FOOD MARKET #1,137.16,
2025-02-05,PURCHASE TIM HORTONS #105,6.72,
2025-02-05,PURCHASE FAMILY RESTAURANT #120,113.48,
2025-02-07,PURCHASE SUPERMARKET CHAIN #909,141.15,
2025-02-07,PURCHASE COFFEE SHOP #406,7.13,
2025-02-10,PURCHASE FUEL CENTER #456 #123,65.47,
2025-02-10,PURCHASE GROCERY STORE #308,135.15,
2025-02-10,PURCHASE FAMILY RESTAURANT #548,87.95,
2025-02-12,PURCHASE FUEL CENTER #456 #880,70.83,
2025-02-12,PURCHASE DRUG STORE #621,58.85,
2025-02-14,PURCHASE GAS STATION #789 #530,65.37,
2025-02-14,PURCHASE TARGET.COM #265594,61.39,
2025-02-15,PURCHASE STARBUCKS COFFEE #195,12.20,
2025-02-17,PURCHASE FUEL CENTER #456 #611,47.54,
2025-02-17,PURCHASE COFFEE SHOP #75,11.61,
2025-02-17,PURCHASE PIZZA PLACE #706,87.45,
2025-02-18,PURCHASE GROCERY STORE #200,172.72,
2025-02-19,PURCHASE TIM HORTONS #683,9.31,
2025-02-22,PURCHASE GROCERY STORE #606,157.52,
2025-02-22,PURCHASE STARBUCKS COFFEE #317,14.05,
2025-02-24,PURCHASE GAS STATION #123 #51,51.44,
2025-02-24,PURCHASE SUPERMARKET CHAIN #755,94.52,
2025-02-24,PURCHASE TIM HORTONS #609,11.56,
2025-02-24,PURCHASE PIZZA PLACE #410,38.50,
2025-02-25,PURCHASE CHILDREN'S CLOTHING #398,135.28,
2025-02-27,PURCHASE ORGANIC FOOD MARKET #861,117.29,
2025-02-27,PURCHASE TIM HORTONS #755,14.52,
2025-02-28,PURCHASE GROCERY STORE #705,167.40,
2025-02-28,PURCHASE COFFEE SHOP #827,12.99,
2025-03-01,PURCHASE COFFEE SHOP #477,5.38,
2025-03-02,PURCHASE SUPERMARKET CHAIN #238,164.38,
2025-03-02,PURCHASE TIM HORTONS #499,13.58,
2025-03-02,PURCHASE FAST FOOD CHAIN #573,102.41,
2025-03-02,PURCHASE AMAZON.COM PURCHASE #631058,215.25,
2025-03-06,PURCHASE TOY STORE #301,128.58,
2025-03-09,PURCHASE FUEL CENTER #456 #989,60.84,
2025-03-09,PURCHASE SUPERMARKET CHAIN #610,178.71,
2025-03-09,PURCHASE RESTAURANT #101 #608,88.41,
2025-03-10,PURCHASE AMAZON.COM PURCHASE #850568,189.62,
2025-03-14,PURCHASE GROCERY STORE #312,141.03,
2025-03-14,PURCHASE ONLINE RETAILER #517733,242.52,
2025-03-19,PURCHASE COFFEE SHOP #231,8.65,
2025-03-19,PURCHASE AMAZON.COM PURCHASE #379251,87.48,
2025-03-20,PURCHASE STARBUCKS COFFEE #972,11.75,
2025-03-22,PURCHASE GROCERY STORE #38,158.01,
2025-03-22,PURCHASE TIM HORTONS #310,5.74,
2025-03-22,PURCHASE ONLINE RETAILER #987618,50.25,
2025-03-23,PURCHASE TIM HORTONS #162,10.23,
2025-03-23,PURCHASE FAST FOOD CHAIN #141,59.57,
2025-03-28,PURCHASE FUEL CENTER #456 #899,47.93,
2025-03-28,PURCHASE STARBUCKS COFFEE #318,8.44,
2025-03-28,PURCHASE FAST FOOD CHAIN #972,41.18,
2025-03-28,PURCHASE ONLINE RETAILER #958794,143.39,
2025-03-30,PURCHASE FUEL CENTER #456 #168,69.62,
2025-03-30,PURCHASE STARBUCKS COFFEE #525,10.50,
2025-03-30,PURCHASE RESTAURANT #101 #582,73.83,
2025-03-31,PURCHASE GROCERY STORE #254,171.80,
2025-03-31,PURCHASE CHILDREN'S CLOTHING #930,116.91,
2025-04-09,PURCHASE GAS STATION #123 #918,74.92,
2025-04-09,PURCHASE COFFEE SHOP #200,8.38,
2025-04-10,PURCHASE SUPERMARKET CHAIN #823,172.21,
2025-04-10,PURCHASE CHILDREN'S CLOTHING #538,94.91,
2025-04-12,PURCHASE GAS STATION #123 #725,51.05,
2025-04-12,PURCHASE TIM HORTONS #211,9.83,
2025-04-13,PURCHASE FUEL CENTER #456 #387,70.85,
2025-04-13,PURCHASE TARGET.COM #113780,84.21,
2025-04-14,PURCHASE FUEL CENTER #456 #752,56.53,
2025-04-14,PURCHASE MOVIE THEATER #509,142.86,
2025-04-17,PURCHASE ORGANIC FOOD MARKET #101,138.00,
2025-04-22,PURCHASE TIM HORTONS #118,14.79,
2025-04-22,PURCHASE TARGET.COM #343561,30.75,
2025-04-22,PURCHASE PHARMACY #123 #906,34.89,
2025-04-26,PURCHASE ORGANIC FOOD MARKET #481,136.97,
2025-04-26,PURCHASE FAMILY RESTAURANT #581,114.93,
2025-04-26,PURCHASE CHILDREN'S CLOTHING #376,107.31,
2025-04-28,PURCHASE ORGANIC FOOD MARKET #102,159.09,
2025-04-28,PURCHASE TIM HORTONS #970,5.12,
2025-04-29,PURCHASE COFFEE SHOP #285,11.68,
2025-04-29,PURCHASE PHARMACY #123 #10,27.37,
2025-05-01,PURCHASE TIM HORTONS #909,7.56,
2025-05-07,PURCHASE FUEL CENTER #456 #758,64.54,
2025-05-07,PURCHASE SUPERMARKET CHAIN #124,173.11,
2025-05-07,PURCHASE TARGET.COM #835008,67.58,
2025-05-09,PURCHASE ORGANIC FOOD MARKET #594,102.62,
2025-05-09,PURCHASE PHARMACY #123 #61,34.03,
2025-05-11,PURCHASE GAS STATION #123 #810,48.67,
2025-05-11,PURCHASE SUPERMARKET CHAIN #911,114.21,
2025-05-11,PURCHASE COFFEE SHOP #324,7.91,
2025-05-11,PURCHASE RESTAURANT #101 #235,97.44,
2025-05-17,PURCHASE GAS STATION #123 #150,68.24,
2025-05-17,PURCHASE TARGET.COM #155825,30.53,
2025-05-21,PURCHASE STARBUCKS COFFEE #774,10.82,
2025-05-25,PURCHASE GAS STATION #789 #543,71.49,
2025-05-25,PURCHASE SUPERMARKET CHAIN #690,141.37,
2025-05-25,PURCHASE PHARMACY #123 #427,69.67,
2025-05-28,PURCHASE COFFEE SHOP #975,14.52,
2025-05-28,PURCHASE ZOO #859,53.32,
2025-05-29,PURCHASE FUEL CENTER #456 #199,61.25,
2025-05-29,PURCHASE TARGET.COM #131841,221.03,
2025-05-30,PURCHASE ORGANIC FOOD MARKET #661,117.91,
2025-05-30,PURCHASE STARBUCKS COFFEE #780,7.26,
2025-05-30,PURCHASE FAST FOOD CHAIN #201,119.65,
2025-05-30,PURCHASE ONLINE RETAILER #119446,46.83,
2025-05-30,PURCHASE DRUG STORE #917,38.94,
2025-05-30,PURCHASE HARDWARE STORE #372,389.67,
2025-05-31,PURCHASE COFFEE SHOP #128,5.17,
2025-05-31,PURCHASE PIZZA PLACE #435,88.42,
2025-05-31,PURCHASE DRUG STORE #776,69.03,
2025-06-01,PURCHASE FUEL CENTER #456 #490,56.16,
2025-06-01,PURCHASE RESTAURANT #101 #10,44.36,
2025-06-01,PURCHASE ONLINE RETAILER #768172,151.35,
2025-06-03,PURCHASE FUEL CENTER #456 #28,49.49,
2025-06-03,PURCHASE SUPERMARKET CHAIN #153,131.93,
2025-06-03,PURCHASE AMAZON.COM PURCHASE #711135,228.62,
2025-06-13,PURCHASE TARGET.COM #439051,92.32,
2025-06-13,PURCHASE VACATION RENTAL #81,213.26,
2025-06-15,PURCHASE TOY STORE #507,64.88,
2025-06-16,PURCHASE TARGET.COM #236140,219.05,
2025-06-20,PURCHASE PIZZA PLACE #955,36.06,
2025-06-20,PURCHASE TARGET.COM #710459,80.07,
2025-06-22,PURCHASE SUPERMARKET CHAIN #511,126.95,
2025-06-22,PURCHASE COFFEE SHOP #131,11.05,
2025-06-22,PURCHASE AMUSEMENT PARK #506,110.53,
2025-06-24,PURCHASE FUEL CENTER #456 #376,67.08,
2025-06-24,PURCHASE TIM HORTONS #395,7.50,
2025-06-25,PURCHASE RESTAURANT #101 #295,67.10,
2025-06-27,PURCHASE STARBUCKS COFFEE #483,7.27,
2025-06-27,PURCHASE TARGET.COM #871785,62.70,
2025-06-27,PURCHASE CHILDREN'S CLOTHING #203,44.73,
2025-06-28,PURCHASE FUEL CENTER #456 #726,60.87,
2025-06-28,PURCHASE GROCERY STORE #545,169.57,
2025-06-28,PURCHASE TIM HORTONS #671,11.28,
2025-06-29,PURCHASE GROCERY STORE #936,117.24,
2025-06-29,PURCHASE CHILDREN'S CLOTHING #580,146.41,
2025-07-03,PURCHASE GAS STATION #123 #711,59.99,
2025-07-03,PURCHASE STARBUCKS COFFEE #959,8.82,
2025-07-03,PURCHASE AMAZON.COM PURCHASE #106681,214.81,
2025-07-04,PURCHASE SUPERMARKET CHAIN #429,91.71,
2025-07-04,PURCHASE STARBUCKS COFFEE #486,7.99,
2025-07-04,PURCHASE FAST FOOD CHAIN #185,44.62,
2025-07-04,PURCHASE HOTEL RESERVATION #349,513.28,
2025-07-06,PURCHASE GAS STATION #789 #809,68.76,
2025-07-07,PURCHASE GAS STATION #123 #406,47.66,
2025-07-07,PURCHASE GROCERY STORE #394,161.65,
2025-07-07,PURCHASE FAST FOOD CHAIN #703,56.47,
2025-07-07,PURCHASE TOY STORE #632,104.42,
2025-07-09,PURCHASE AMAZON.COM PURCHASE #840839,155.15,
2025-07-11,PURCHASE COFFEE SHOP #341,14.08,
2025-07-11,PURCHASE ZOO #676,191.16,
2025-07-13,PURCHASE GAS STATION #789 #736,56.84,
2025-07-13,PURCHASE COFFEE SHOP #611,9.62,
2025-07-16,PURCHASE FUEL CENTER #456 #497,59.44,
2025-07-16,PURCHASE ORGANIC FOOD MARKET #25,122.66,
2025-07-16,PURCHASE RESTAURANT #101 #213,93.32,
2025-07-17,PURCHASE SUPERMARKET CHAIN #215,130.86,
2025-07-17,PURCHASE RESTAURANT #101 #117,78.15,
2025-07-19,PURCHASE SUPERMARKET CHAIN #973,124.45,
2025-07-19,PURCHASE STARBUCKS COFFEE #860,12.35,
2025-07-19,PURCHASE AMAZON.COM PURCHASE #419448,154.88,
2025-07-20,PURCHASE GAS STATION #789 #730,47.60,
2025-07-20,PURCHASE COFFEE SHOP #842,11.63,
2025-07-21,PURCHASE GAS STATION #123 #61,51.03,
2025-07-21,PURCHASE GROCERY STORE #77,89.88,
2025-07-24,PURCHASE GAS STATION #789 #618,49.13,
2025-07-24,PURCHASE PHARMACY #123 #595,25.99,
2025-07-24,PURCHASE HOTEL RESERVATION #106,494.50,
2025-07-25,PURCHASE ORGANIC FOOD MARKET #948,139.47,
2025-07-25,PURCHASE DRUG STORE #143,31.51,
2025-07-31,PURCHASE STARBUCKS COFFEE #65,13.09,
2025-07-31,PURCHASE AMAZON.COM PURCHASE #357112,154.72,
2025-08-02,PURCHASE ORGANIC FOOD MARKET #631,153.21,
2025-08-02,PURCHASE ONLINE RETAILER #506803,99.35,
2025-08-02,PURCHASE DRUG STORE #101,32.00,
2025-08-03,PURCHASE FUEL CENTER #456 #614,49.98,
2025-08-03,PURCHASE RESTAURANT #101 #235,96.84,
2025-08-03,PURCHASE TARGET.COM #886898,104.20,
2025-08-05,PURCHASE SUPERMARKET CHAIN #705,135.82,
2025-08-05,PURCHASE TARGET.COM #582355,120.28,
2025-08-05,PURCHASE HARDWARE STORE #111,172.22,
2025-08-08,PURCHASE ORGANIC FOOD MARKET #522,96.22,
2025-08-08,PURCHASE TARGET.COM #95149,150.58,
2025-08-14,PURCHASE COFFEE SHOP #266,9.27,
2025-08-14,PURCHASE DRUG STORE #310,55.31,
2025-08-14,PURCHASE RENTAL CAR COMPANY #788,282.48,
2025-08-16,PURCHASE GAS STATION #789 #687,63.94,
2025-08-16,PURCHASE COFFEE SHOP #750,14.30,
2025-08-16,PURCHASE RESTAURANT #101 #603,68.48,
2025-08-16,PURCHASE TARGET.COM #495670,177.93,
2025-08-16,PURCHASE KIDS SHOE STORE #710,135.98,
2025-08-16,PURCHASE AIRLINE TICKETS #993,554.49,
2025-08-17,PURCHASE GAS STATION #789 #335,52.83,
2025-08-17,PURCHASE TIM HORTONS #488,12.72,
2025-08-17,PURCHASE FAST FOOD CHAIN #883,58.82,
2025-08-17,PURCHASE CHILDREN'S CLOTHING #120,99.08,
2025-08-19,PURCHASE GROCERY STORE #15,140.49,
2025-08-21,PURCHASE GAS STATION #789 #158,73.60,
2025-08-21,PURCHASE HOTEL RESERVATION #722,616.35,
2025-08-23,PURCHASE FUEL CENTER #456 #654,58.03,
2025-08-23,PURCHASE SUPERMARKET CHAIN #732,102.23,
2025-08-23,PURCHASE STARBUCKS COFFEE #853,5.81,
2025-08-27,PURCHASE STARBUCKS COFFEE #345,7.44,
2025-08-27,PURCHASE TARGET.COM #913276,27.61,
2025-08-28,PURCHASE FUEL CENTER #456 #230,72.81,
2025-08-28,PURCHASE GROCERY STORE #358,127.51,
2025-08-28,PURCHASE COFFEE SHOP #439,11.35,
2025-08-28,PURCHASE KIDS SHOE STORE #563,87.33,
2025-08-28,PURCHASE AIRLINE TICKETS #664,799.64,
2025-08-31,PURCHASE GAS STATION #789 #928,69.01,
2025-09-02,PURCHASE SUPERMARKET CHAIN #931,109.23,
2025-09-02,PURCHASE TIM HORTONS #337,8.82,
2025-09-02,PURCHASE RESTAURANT #101 #779,92.99,
2025-09-03,PURCHASE FUEL CENTER #456 #678,53.80,
2025-09-03,PURCHASE TARGET.COM #58049,192.66,
2025-09-03,PURCHASE DRUG STORE #83,38.04,
2025-09-04,PURCHASE GROCERY STORE #617,99.19,
2025-09-05,PURCHASE GAS STATION #789 #384,60.70,
2025-09-05,PURCHASE PIZZA PLACE #38,111.69,
2025-09-06,PURCHASE TIM HORTONS #291,6.58,
2025-09-07,PURCHASE GROCERY STORE #0,122.62,
2025-09-07,PURCHASE COFFEE SHOP #592,10.85,
2025-09-11,PURCHASE FAST FOOD CHAIN #367,55.70,
2025-09-11,PURCHASE AMUSEMENT PARK #185,81.61,
2025-09-12,PURCHASE FUEL CENTER #456 #790,63.04,
2025-09-14,PURCHASE STARBUCKS COFFEE #534,9.57,
2025-09-14,PURCHASE ONLINE RETAILER #645485,175.59,
2025-09-17,PURCHASE FUEL CENTER #456 #36,67.47,
2025-09-17,PURCHASE AMAZON.COM PURCHASE #816996,237.82,
2025-09-18,PURCHASE FUEL CENTER #456 #266,66.45,
2025-09-20,PURCHASE GAS STATION #789 #115,65.48,
2025-09-20,PURCHASE STARBUCKS COFFEE #87,10.97,
2025-09-20,PURCHASE ZOO #658,50.04,
2025-09-24,PURCHASE TARGET.COM #919944,221.55,
2025-09-27,PURCHASE GAS STATION #789 #195,59.52,
2025-09-27,PURCHASE COFFEE SHOP #287,6.69,
2025-09-28,PURCHASE GAS STATION #123 #628,50.15,
2025-09-28,PURCHASE COFFEE SHOP #97,10.97,
2025-09-28,PURCHASE RESTAURANT #101 #373,105.33,
2025-09-29,PURCHASE SUPERMARKET CHAIN #150,162.84,
2025-10-01,PURCHASE FUEL CENTER #456 #478,73.82,
2025-10-02,PURCHASE TIM HORTONS #405,10.12,
2025-10-02,PURCHASE PIZZA PLACE #184,44.40,
2025-10-02,PURCHASE ONLINE RETAILER #880205,82.96,
2025-10-06,PURCHASE TIM HORTONS #782,9.65,
2025-10-06,PURCHASE TARGET.COM #575847,194.82,
2025-10-07,PURCHASE ORGANIC FOOD MARKET #600,130.21,
2025-10-07,PURCHASE COFFEE SHOP #342,7.15,
2025-10-07,PURCHASE FAST FOOD CHAIN #454,53.95,
2025-10-10,PURCHASE ORGANIC FOOD MARKET #219,97.10,
2025-10-11,PURCHASE GAS STATION #789 #206,53.34,
2025-10-11,PURCHASE GROCERY STORE #713,131.78,
2025-10-11,PURCHASE RESTAURANT #101 #467,91.26,
2025-10-11,PURCHASE AMUSEMENT PARK #17,153.91,
2025-10-13,PURCHASE GAS STATION #123 #461,55.61,
2025-10-13,PURCHASE ORGANIC FOOD MARKET #233,139.74,
2025-10-13,PURCHASE STARBUCKS COFFEE #978,7.64,
2025-10-17,PURCHASE TIM HORTONS #305,9.29,
2025-10-17,PURCHASE KIDS SHOE STORE #641,136.09,
2025-10-20,PURCHASE GROCERY STORE #165,100.29,
2025-10-20,PURCHASE TIM HORTONS #915,6.55,
2025-10-22,PURCHASE GROCERY STORE #592,152.98,
2025-10-25,PURCHASE FUEL CENTER #456 #510,69.97,
2025-10-25,PURCHASE GROCERY STORE #26,91.54,
2025-10-25,PURCHASE FAST FOOD CHAIN #23,45.34,
2025-10-25,PURCHASE AMAZON.COM PURCHASE #163516,123.12,
2025-10-26,PURCHASE COFFEE SHOP #842,11.86,
2025-10-26,PURCHASE TARGET.COM #511185,68.84,
2025-10-29,PURCHASE GAS STATION #789 #487,68.53,
2025-10-29,PURCHASE PIZZA PLACE #535,65.55,
2025-10-29,PURCHASE TARGET.COM #867775,114.26,
2025-10-31,PURCHASE FUEL CENTER #456 #970,70.42,
2025-10-31,PURCHASE PHARMACY #123 #697,22.70,
2025-11-03,PURCHASE STARBUCKS COFFEE #190,5.25,
2025-11-03,PURCHASE PIZZA PLACE #764,116.58,
2025-11-03,PURCHASE PHARMACY #123 #867,53.86,
2025-11-08,PURCHASE GAS STATION #123 #547,52.58,
2025-11-08,PURCHASE TARGET.COM #301277,172.27,
2025-11-10,PURCHASE SUPERMARKET CHAIN #110,126.42,
2025-11-10,PURCHASE TIM HORTONS #966,6.75,
2025-11-10,PURCHASE AMAZON.COM PURCHASE #968212,127.61,
2025-11-10,PURCHASE HOME IMPROVEMENT #353,223.04,
2025-11-13,PURCHASE SUPERMARKET CHAIN #495,135.01,
2025-11-13,PURCHASE COFFEE SHOP #829,14.86,
2025-11-16,PURCHASE TIM HORTONS #934,14.64,
2025-11-16,PURCHASE FAST FOOD CHAIN #407,67.48,
2025-11-17,PURCHASE SUPERMARKET CHAIN #966,150.22,
2025-11-17,PURCHASE STARBUCKS COFFEE #536,12.65,
2025-11-17,PURCHASE RESTAURANT #101 #114,66.92,
2025-11-17,PURCHASE AMAZON.COM PURCHASE #298041,64.21,
2025-11-18,PURCHASE FUEL CENTER #456 #254,55.49,
2025-11-18,PURCHASE STARBUCKS COFFEE #674,6.76,
2025-11-19,PURCHASE GAS STATION #123 #85,65.19,
2025-11-20,PURCHASE FUEL CENTER #456 #984,68.89,
2025-11-20,PURCHASE GROCERY STORE #283,103.66,
2025-11-20,PURCHASE COFFEE SHOP #132,14.52,
2025-11-20,PURCHASE AMAZON.COM PURCHASE #395066,240.33,
